Position,Name + ID,Name,ID,Roster Position,Salary,Game Info,TeamAbbrev,AvgPointsPerGame
C,Nathan MacKinnon (40347057),Nathan MacKinnon,40347057,C/UTIL,8500,UTA@COL 10/09/2025 09:00PM ET,COL,17.95
G,Thatcher Demko (40348395),Thatcher Demko,40348395,G,8500,CGY@VAN 10/09/2025 10:00PM ET,VAN,8.86
G,Kevin Lankinen (40348396),Kevin Lankinen,40348396,G,8500,CGY@VAN 10/09/2025 10:00PM ET,VAN,11.38
RW,David Pastrnak (40347349),David Pastrnak,40347349,W/UTIL,8400,CHI@BOS 10/09/2025 07:00PM ET,BOS,16.2
G,Adin Hill (40348397),Adin Hill,40348397,G,8400,VGK@SJS 10/09/2025 10:00PM ET,VGK,11.8
G,Akira Schmid (40348398),Akira Schmid,40348398,G,8400,VGK@SJS 10/09/2025 10:00PM ET,VGK,10.38
G,Scott Wedgewood (40348399),Scott Wedgewood,40348399,G,8300,UTA@COL 10/09/2025 09:00PM ET,COL,11.34
G,Trent Miner (40348400),Trent Miner,40348400,G,8300,UTA@COL 10/09/2025 09:00PM ET,COL,3.15
G,Sergei Bobrovsky (40348401),Sergei Bobrovsky,40348401,G,8300,PHI@FLA 10/09/2025 07:00PM ET,FLA,12.71
G,Daniil Tarasov (40348402),Daniil Tarasov,40348402,G,8300,PHI@FLA 10/09/2025 07:00PM ET,FLA,8.26
G,Jeremy Swayman (40348403),Jeremy Swayman,40348403,G,8200,CHI@BOS 10/09/2025 07:00PM ET,BOS,10.12
G,Joonas Korpisalo (40348404),Joonas Korpisalo,40348404,G,8200,CHI@BOS 10/09/2025 07:00PM ET,BOS,9.54
G,Andrei Vasilevskiy (40348405),Andrei Vasilevskiy,40348405,G,8200,OTT@TBL 10/09/2025 07:00PM ET,TBL,13.86
G,Jonas Johansson (40348406),Jonas Johansson,40348406,G,8200,OTT@TBL 10/09/2025 07:00PM ET,TBL,11.55
G,Frederik Andersen (40348408),Frederik Andersen,40348408,G,8100,NJD@CAR 10/09/2025 07:30PM ET,CAR,10.91
G,Pyotr Kochetkov (40348409),Pyotr Kochetkov,40348409,G,8100,NJD@CAR 10/09/2025 07:30PM ET,CAR,10.27
G,MacKenzie Blackwood (40348407),MacKenzie Blackwood,40348407,G,8100,UTA@COL 10/09/2025 09:00PM ET,COL,12.76
G,John Gibson (40348410),John Gibson,40348410,G,8100,MTL@DET 10/09/2025 07:00PM ET,DET,12.25
G,Cam Talbot (40348411),Cam Talbot,40348411,G,8100,MTL@DET 10/09/2025 07:00PM ET,DET,11.21
RW,Nikita Kucherov (40347351),Nikita Kucherov,40347351,W/UTIL,8100,OTT@TBL 10/09/2025 07:00PM ET,TBL,15.93
G,Joey Daccord (40348414),Joey Daccord,40348414,G,8000,ANA@SEA 10/09/2025 10:00PM ET,SEA,12.12
G,Philipp Grubauer (40348415),Philipp Grubauer,40348415,G,8000,ANA@SEA 10/09/2025 10:00PM ET,SEA,6.53
LW,Kirill Kaprizov (40347353),Kirill Kaprizov,40347353,W/UTIL,8000,MIN@STL 10/09/2025 08:00PM ET,MIN,16.88
G,Jordan Binnington (40348412),Jordan Binnington,40348412,G,8000,MIN@STL 10/09/2025 08:00PM ET,STL,11.02
G,Joel Hofer (40348413),Joel Hofer,40348413,G,8000,MIN@STL 10/09/2025 08:00PM ET,STL,10.97
G,Pheonix Copley (40348416),Pheonix Copley,40348416,G,8000,OTT@TBL 10/09/2025 07:00PM ET,TBL,0
G,Brandon Bussi (40348417),Brandon Bussi,40348417,G,7900,NJD@CAR 10/09/2025 07:30PM ET,CAR,0
G,Juuse Saros (40348420),Juuse Saros,40348420,G,7900,CBJ@NSH 10/09/2025 08:00PM ET,NSH,9.83
G,Justus Annunen (40348421),Justus Annunen,40348421,G,7900,CBJ@NSH 10/09/2025 08:00PM ET,NSH,7.8
G,Ilya Sorokin (40348418),Ilya Sorokin,40348418,G,7900,NYI@PIT 10/09/2025 07:00PM ET,NYI,12.51
G,David Rittich (40348419),David Rittich,40348419,G,7900,NYI@PIT 10/09/2025 07:00PM ET,NYI,7.94
LW,Kyle Connor (40347355),Kyle Connor,40347355,W/UTIL,7900,DAL@WPG 10/09/2025 08:00PM ET,WPG,14.34
G,Igor Shesterkin (40348423),Igor Shesterkin,40348423,G,7800,NYR@BUF 10/09/2025 07:00PM ET,NYR,12.3
G,Jonathan Quick (40348424),Jonathan Quick,40348424,G,7800,NYR@BUF 10/09/2025 07:00PM ET,NYR,10.75
G,Matt Murray (40348422),Matt Murray,40348422,G,7800,ANA@SEA 10/09/2025 10:00PM ET,SEA,5.97
C,Jack Eichel (40347059),Jack Eichel,40347059,C/UTIL,7800,VGK@SJS 10/09/2025 10:00PM ET,VGK,13.64
G,Jake Oettinger (40348425),Jake Oettinger,40348425,G,7800,DAL@WPG 10/09/2025 08:00PM ET,DAL,12.73
G,Casey DeSmith (40348426),Casey DeSmith,40348426,G,7800,DAL@WPG 10/09/2025 08:00PM ET,DAL,13.2
G,Semyon Varlamov (40348427),Semyon Varlamov,40348427,G,7700,NYI@PIT 10/09/2025 07:00PM ET,NYI,8.56
RW,Mikko Rantanen (40347357),Mikko Rantanen,40347357,W/UTIL,7700,DAL@WPG 10/09/2025 08:00PM ET,DAL,12.73
G,Alex Lyon (40348430),Alex Lyon,40348430,G,7600,NYR@BUF 10/09/2025 07:00PM ET,BUF,9.41
G,Colten Ellis (40348431),Colten Ellis,40348431,G,7600,NYR@BUF 10/09/2025 07:00PM ET,BUF,0
D,Cale Makar (40347921),Cale Makar,40347921,D/UTIL,7600,UTA@COL 10/09/2025 09:00PM ET,COL,15.09
G,Connor Hellebuyck (40348428),Connor Hellebuyck,40348428,G,7600,DAL@WPG 10/09/2025 08:00PM ET,WPG,13.9
G,Eric Comrie (40348429),Eric Comrie,40348429,G,7600,DAL@WPG 10/09/2025 08:00PM ET,WPG,11.29
LW,Artemi Panarin (40347359),Artemi Panarin,40347359,W/UTIL,7500,NYR@BUF 10/09/2025 07:00PM ET,NYR,12.74
C,Jack Hughes (40347061),Jack Hughes,40347061,C/UTIL,7500,NJD@CAR 10/09/2025 07:30PM ET,NJD,14.88
G,Elvis Merzlikins (40348432),Elvis Merzlikins,40348432,G,7500,CBJ@NSH 10/09/2025 08:00PM ET,CBJ,10.78
G,Jet Greaves (40348433),Jet Greaves,40348433,G,7500,CBJ@NSH 10/09/2025 08:00PM ET,CBJ,19.22
G,Tristan Jarry (40348434),Tristan Jarry,40348434,G,7500,NYI@PIT 10/09/2025 07:00PM ET,PIT,10.16
G,Arturs Silovs (40348435),Arturs Silovs,40348435,G,7500,NYI@PIT 10/09/2025 07:00PM ET,PIT,4.2
G,Ukko-Pekka Luukkonen (40348438),Ukko-Pekka Luukkonen,40348438,G,7400,NYR@BUF 10/09/2025 07:00PM ET,BUF,9.46
LW,Filip Forsberg (40347361),Filip Forsberg,40347361,W/UTIL,7400,CBJ@NSH 10/09/2025 08:00PM ET,NSH,13
D,Zach Werenski (40347923),Zach Werenski,40347923,D/UTIL,7400,CBJ@NSH 10/09/2025 08:00PM ET,CBJ,15.45
G,Lukas Dostal (40348436),Lukas Dostal,40348436,G,7400,ANA@SEA 10/09/2025 10:00PM ET,ANA,12.14
G,Petr Mrazek (40348437),Petr Mrazek,40348437,G,7400,ANA@SEA 10/09/2025 10:00PM ET,ANA,9.32
G,Filip Gustavsson (40348439),Filip Gustavsson,40348439,G,7400,MIN@STL 10/09/2025 08:00PM ET,MIN,14.05
G,Jesper Wallstedt (40348440),Jesper Wallstedt,40348440,G,7400,MIN@STL 10/09/2025 08:00PM ET,MIN,1.05
G,Jacob Markstrom (40348443),Jacob Markstrom,40348443,G,7300,NJD@CAR 10/09/2025 07:30PM ET,NJD,11.18
G,Jake Allen (40348444),Jake Allen,40348444,G,7300,NJD@CAR 10/09/2025 07:30PM ET,NJD,11.45
G,Sam Montembeault (40348441),Sam Montembeault,40348441,G,7300,MTL@DET 10/09/2025 07:00PM ET,MTL,11.32
G,Jakub Dobes (40348442),Jakub Dobes,40348442,G,7300,MTL@DET 10/09/2025 07:00PM ET,MTL,11.36
RW,Sam Reinhart (40347363),Sam Reinhart,40347363,W/UTIL,7300,PHI@FLA 10/09/2025 07:00PM ET,FLA,13.19
G,Joel Blomqvist (40348445),Joel Blomqvist,40348445,G,7300,NYI@PIT 10/09/2025 07:00PM ET,PIT,8.2
C,Macklin Celebrini (40347063),Macklin Celebrini,40347063,C/UTIL,7300,VGK@SJS 10/09/2025 10:00PM ET,SJS,12.63
G,Spencer Knight (40348446),Spencer Knight,40348446,G,7200,CHI@BOS 10/09/2025 07:00PM ET,CHI,11.17
G,Arvid Soderblom (40348447),Arvid Soderblom,40348447,G,7200,CHI@BOS 10/09/2025 07:00PM ET,CHI,10.85
RW,Tage Thompson (40347365),Tage Thompson,40347365,W/UTIL,7200,NYR@BUF 10/09/2025 07:00PM ET,BUF,13.25
D,Roman Josi (40347925),Roman Josi,40347925,D/UTIL,7200,CBJ@NSH 10/09/2025 08:00PM ET,NSH,12.23
C,Sidney Crosby (40347065),Sidney Crosby,40347065,C/UTIL,7200,NYI@PIT 10/09/2025 07:00PM ET,PIT,12.98
G,Linus Ullmark (40348448),Linus Ullmark,40348448,G,7200,OTT@TBL 10/09/2025 07:00PM ET,OTT,12.81
G,Leevi Merilainen (40348449),Leevi Merilainen,40348449,G,7200,OTT@TBL 10/09/2025 07:00PM ET,OTT,14.68
G,Karel Vejmelka (40348452),Karel Vejmelka,40348452,G,7100,UTA@COL 10/09/2025 09:00PM ET,UTA,10.9
G,Vitek Vanecek (40348453),Vitek Vanecek,40348453,G,7100,UTA@COL 10/09/2025 09:00PM ET,UTA,8.46
G,Samuel Ersson (40348450),Samuel Ersson,40348450,G,7100,PHI@FLA 10/09/2025 07:00PM ET,PHI,8.47
G,Dan Vladar (40348451),Dan Vladar,40348451,G,7100,PHI@FLA 10/09/2025 07:00PM ET,PHI,10.81
LW,Jake Guentzel (40347367),Jake Guentzel,40347367,W/UTIL,7100,OTT@TBL 10/09/2025 07:00PM ET,TBL,12.8
C,Mark Scheifele (40347067),Mark Scheifele,40347067,C/UTIL,7100,DAL@WPG 10/09/2025 08:00PM ET,WPG,11.7
G,Laurent Brossoit (40348454),Laurent Brossoit,40348454,G,7000,CHI@BOS 10/09/2025 07:00PM ET,CHI,0
RW,Travis Konecny (40347369),Travis Konecny,40347369,W/UTIL,7000,PHI@FLA 10/09/2025 07:00PM ET,PHI,10.51
G,Yaroslav Askarov (40348455),Yaroslav Askarov,40348455,G,7000,VGK@SJS 10/09/2025 10:00PM ET,SJS,10.04
G,Alex Nedeljkovic (40348456),Alex Nedeljkovic,40348456,G,7000,VGK@SJS 10/09/2025 10:00PM ET,SJS,10.42
C,Brayden Point (40347069),Brayden Point,40347069,C/UTIL,7000,OTT@TBL 10/09/2025 07:00PM ET,TBL,12.06
LW,Brady Tkachuk (40347371),Brady Tkachuk,40347371,W/UTIL,7000,OTT@TBL 10/09/2025 07:00PM ET,OTT,13.44
G,Anson Thornton (40348459),Anson Thornton,40348459,G,6900,UTA@COL 10/09/2025 09:00PM ET,UTA,0
LW,Cole Caufield (40347373),Cole Caufield,40347373,W/UTIL,6900,MTL@DET 10/09/2025 07:00PM ET,MTL,11.41
RW,Mitch Marner (40347375),Mitch Marner,40347375,W/UTIL,6900,VGK@SJS 10/09/2025 10:00PM ET,VGK,11.68
C,Robert Thomas (40347071),Robert Thomas,40347071,C/UTIL,6900,MIN@STL 10/09/2025 08:00PM ET,STL,11.26
G,Dustin Wolf (40348457),Dustin Wolf,40348457,G,6900,CGY@VAN 10/09/2025 10:00PM ET,CGY,13.7
G,Devin Cooley (40348458),Devin Cooley,40348458,G,6900,CGY@VAN 10/09/2025 10:00PM ET,CGY,0
G,Carey Price (40348460),Carey Price,40348460,G,6800,VGK@SJS 10/09/2025 10:00PM ET,SJS,0
RW,Matt Boldy (40347377),Matt Boldy,40347377,W/UTIL,6800,MIN@STL 10/09/2025 08:00PM ET,MIN,13.08
C,Elias Pettersson (40347073),Elias Pettersson,40347073,C/UTIL,6800,CGY@VAN 10/09/2025 10:00PM ET,VAN,9.09
D,Quinn Hughes (40347927),Quinn Hughes,40347927,D/UTIL,6800,CGY@VAN 10/09/2025 10:00PM ET,VAN,12.9
C,J.T. Miller (40347075),J.T. Miller,40347075,C/UTIL,6700,NYR@BUF 10/09/2025 07:00PM ET,NYR,10.24
LW,Timo Meier (40347381),Timo Meier,40347381,W/UTIL,6700,NJD@CAR 10/09/2025 07:30PM ET,NJD,11.11
LW,Carter Verhaeghe (40347383),Carter Verhaeghe,40347383,W/UTIL,6700,PHI@FLA 10/09/2025 07:00PM ET,FLA,9.88
RW,Kirill Marchenko (40347379),Kirill Marchenko,40347379,W/UTIL,6700,CBJ@NSH 10/09/2025 08:00PM ET,CBJ,11.41
D,Josh Morrissey (40347929),Josh Morrissey,40347929,D/UTIL,6700,DAL@WPG 10/09/2025 08:00PM ET,WPG,9.99
D,Rasmus Dahlin (40347931),Rasmus Dahlin,40347931,D/UTIL,6600,NYR@BUF 10/09/2025 07:00PM ET,BUF,12.64
C,Nico Hischier (40347077),Nico Hischier,40347077,C/UTIL,6600,NJD@CAR 10/09/2025 07:30PM ET,NJD,12.23
RW,Jesper Bratt (40347385),Jesper Bratt,40347385,W/UTIL,6600,NJD@CAR 10/09/2025 07:30PM ET,NJD,11.21
RW,Mark Stone (40347387),Mark Stone,40347387,W/UTIL,6600,VGK@SJS 10/09/2025 10:00PM ET,VGK,10.44
RW,Mika Zibanejad (40347395),Mika Zibanejad,40347395,W/UTIL,6500,NYR@BUF 10/09/2025 07:00PM ET,NYR,9.24
D,Adam Fox (40347933),Adam Fox,40347933,D/UTIL,6500,NYR@BUF 10/09/2025 07:00PM ET,NYR,10.2
G,Alexandar Georgiev (40348462),Alexandar Georgiev,40348462,G,6500,NYR@BUF 10/09/2025 07:00PM ET,BUF,6.96
RW,Martin Necas (40347389),Martin Necas,40347389,W/UTIL,6500,UTA@COL 10/09/2025 09:00PM ET,COL,10.82
LW,Clayton Keller (40347391),Clayton Keller,40347391,W/UTIL,6500,UTA@COL 10/09/2025 09:00PM ET,UTA,12.13
C,Dylan Larkin (40347079),Dylan Larkin,40347079,C/UTIL,6500,MTL@DET 10/09/2025 07:00PM ET,DET,11.01
RW,Bryan Rust (40347393),Bryan Rust,40347393,W/UTIL,6500,NYI@PIT 10/09/2025 07:00PM ET,PIT,12.03
G,Ville Husso (40348461),Ville Husso,40348461,G,6500,ANA@SEA 10/09/2025 10:00PM ET,ANA,8.22
RW,Alex Tuch (40347401),Alex Tuch,40347401,W/UTIL,6400,NYR@BUF 10/09/2025 07:00PM ET,BUF,12.35
RW,Matvei Michkov (40347399),Matvei Michkov,40347399,W/UTIL,6400,PHI@FLA 10/09/2025 07:00PM ET,PHI,9.76
C,Tomas Hertl (40347081),Tomas Hertl,40347081,C/UTIL,6400,VGK@SJS 10/09/2025 10:00PM ET,VGK,10.66
RW,Jordan Kyrou (40347397),Jordan Kyrou,40347397,W/UTIL,6400,MIN@STL 10/09/2025 08:00PM ET,STL,11.25
D,MacKenzie Weegar (40347935),MacKenzie Weegar,40347935,D/UTIL,6400,CGY@VAN 10/09/2025 10:00PM ET,CGY,11.34
RW,Lucas Raymond (40347407),Lucas Raymond,40347407,W/UTIL,6300,MTL@DET 10/09/2025 07:00PM ET,DET,10.51
RW,Alex DeBrincat (40347409),Alex DeBrincat,40347409,W/UTIL,6300,MTL@DET 10/09/2025 07:00PM ET,DET,11.66
D,Noah Dobson (40347937),Noah Dobson,40347937,D/UTIL,6300,MTL@DET 10/09/2025 07:00PM ET,MTL,11.13
C,Sam Bennett (40347083),Sam Bennett,40347083,C/UTIL,6300,PHI@FLA 10/09/2025 07:00PM ET,FLA,11.2
RW,Brad Marchand (40347405),Brad Marchand,40347405,W/UTIL,6300,PHI@FLA 10/09/2025 07:00PM ET,FLA,9.91
LW,Brandon Hagel (40347403),Brandon Hagel,40347403,W/UTIL,6300,OTT@TBL 10/09/2025 07:00PM ET,TBL,12.77
RW,Seth Jarvis (40347411),Seth Jarvis,40347411,W/UTIL,6200,NJD@CAR 10/09/2025 07:30PM ET,CAR,12.14
C,Bo Horvat (40347085),Bo Horvat,40347085,C/UTIL,6200,NYI@PIT 10/09/2025 07:00PM ET,NYI,10.46
LW,Rickard Rakell (40347413),Rickard Rakell,40347413,W/UTIL,6200,NYI@PIT 10/09/2025 07:00PM ET,PIT,11.79
D,Victor Hedman (40347939),Victor Hedman,40347939,D/UTIL,6200,OTT@TBL 10/09/2025 07:00PM ET,TBL,11.53
LW,Jason Robertson (40347415),Jason Robertson,40347415,W/UTIL,6200,DAL@WPG 10/09/2025 08:00PM ET,DAL,11.43
D,Dougie Hamilton (40347941),Dougie Hamilton,40347941,D/UTIL,6100,NJD@CAR 10/09/2025 07:30PM ET,NJD,10.47
LW,Dylan Guenther (40347419),Dylan Guenther,40347419,W/UTIL,6100,UTA@COL 10/09/2025 09:00PM ET,UTA,11.52
C,Nick Suzuki (40347087),Nick Suzuki,40347087,C/UTIL,6100,MTL@DET 10/09/2025 07:00PM ET,MTL,11.46
LW,Owen Tippett (40347417),Owen Tippett,40347417,W/UTIL,6100,PHI@FLA 10/09/2025 07:00PM ET,PHI,9.11
C,Connor Bedard (40347089),Connor Bedard,40347089,C/UTIL,6000,CHI@BOS 10/09/2025 07:00PM ET,CHI,9.77
LW,Steven Stamkos (40347421),Steven Stamkos,40347421,W/UTIL,6000,CBJ@NSH 10/09/2025 08:00PM ET,NSH,8.86
D,Brandon Montour (40347945),Brandon Montour,40347945,D/UTIL,6000,ANA@SEA 10/09/2025 10:00PM ET,SEA,10.34
RW,Tyler Toffoli (40347423),Tyler Toffoli,40347423,W/UTIL,6000,VGK@SJS 10/09/2025 10:00PM ET,SJS,10.34
D,Shea Theodore (40347943),Shea Theodore,40347943,D/UTIL,6000,VGK@SJS 10/09/2025 10:00PM ET,VGK,9.66
LW,Morgan Geekie (40347425),Morgan Geekie,40347425,W/UTIL,5900,CHI@BOS 10/09/2025 07:00PM ET,BOS,8.77
C,Sebastian Aho (40347093),Sebastian Aho,40347093,C/UTIL,5900,NJD@CAR 10/09/2025 07:30PM ET,CAR,11.4
RW,Pavel Dorofeyev (40347427),Pavel Dorofeyev,40347427,W/UTIL,5900,VGK@SJS 10/09/2025 10:00PM ET,VGK,10.44
D,Jake Sanderson (40347947),Jake Sanderson,40347947,D/UTIL,5900,OTT@TBL 10/09/2025 07:00PM ET,OTT,11.46
C,Nazem Kadri (40347091),Nazem Kadri,40347091,C/UTIL,5900,CGY@VAN 10/09/2025 10:00PM ET,CGY,12.02
C,Vincent Trocheck (40347097),Vincent Trocheck,40347097,C/UTIL,5800,NYR@BUF 10/09/2025 07:00PM ET,NYR,10.38
RW,Valeri Nichushkin (40347429),Valeri Nichushkin,40347429,W/UTIL,5800,UTA@COL 10/09/2025 09:00PM ET,COL,10.81
D,Mikhail Sergachev (40347949),Mikhail Sergachev,40347949,D/UTIL,5800,UTA@COL 10/09/2025 09:00PM ET,UTA,10.06
LW,Patrick Kane (40347433),Patrick Kane,40347433,W/UTIL,5800,MTL@DET 10/09/2025 07:00PM ET,DET,9.66
D,Moritz Seider (40347951),Moritz Seider,40347951,D/UTIL,5800,MTL@DET 10/09/2025 07:00PM ET,DET,10.22
C,Mathew Barzal (40347095),Mathew Barzal,40347095,C/UTIL,5800,NYI@PIT 10/09/2025 07:00PM ET,NYI,9.37
LW,Jonathan Huberdeau (40347431),Jonathan Huberdeau,40347431,W/UTIL,5800,CGY@VAN 10/09/2025 10:00PM ET,CGY,9.46
C,Adam Fantilli (40347099),Adam Fantilli,40347099,C/UTIL,5700,CBJ@NSH 10/09/2025 08:00PM ET,CBJ,9.6
D,Erik Karlsson (40347955),Erik Karlsson,40347955,D/UTIL,5700,NYI@PIT 10/09/2025 07:00PM ET,PIT,9.27
LW,Jared McCann (40347439),Jared McCann,40347439,W/UTIL,5700,ANA@SEA 10/09/2025 10:00PM ET,SEA,9.94
D,Vince Dunn (40347953),Vince Dunn,40347953,D/UTIL,5700,ANA@SEA 10/09/2025 10:00PM ET,SEA,9.22
LW,Dylan Holloway (40347435),Dylan Holloway,40347435,W/UTIL,5700,MIN@STL 10/09/2025 08:00PM ET,STL,10.13
C,Wyatt Johnston (40347101),Wyatt Johnston,40347101,C/UTIL,5700,DAL@WPG 10/09/2025 08:00PM ET,DAL,10.1
RW,Gabriel Vilardi (40347437),Gabriel Vilardi,40347437,W/UTIL,5700,DAL@WPG 10/09/2025 08:00PM ET,WPG,9.62
LW,Artturi Lehkonen (40347441),Artturi Lehkonen,40347441,W/UTIL,5600,UTA@COL 10/09/2025 09:00PM ET,COL,9.17
D,Travis Sanheim (40347957),Travis Sanheim,40347957,D/UTIL,5600,PHI@FLA 10/09/2025 07:00PM ET,PHI,8.66
D,Seth Jones (40347959),Seth Jones,40347959,D/UTIL,5600,PHI@FLA 10/09/2025 07:00PM ET,FLA,8.8
C,Sean Monahan (40347103),Sean Monahan,40347103,C/UTIL,5600,CBJ@NSH 10/09/2025 08:00PM ET,CBJ,11.91
LW,Boone Jenner (40347443),Boone Jenner,40347443,W/UTIL,5600,CBJ@NSH 10/09/2025 08:00PM ET,CBJ,10.94
LW,Pavel Buchnevich (40347445),Pavel Buchnevich,40347445,W/UTIL,5600,MIN@STL 10/09/2025 08:00PM ET,STL,8.73
C,Tim Stuetzle (40347105),Tim Stuetzle,40347105,C/UTIL,5600,OTT@TBL 10/09/2025 07:00PM ET,OTT,9.94
C,Josh Norris (40347107),Josh Norris,40347107,C/UTIL,5500,NYR@BUF 10/09/2025 07:00PM ET,BUF,8.51
LW,Nikolaj Ehlers (40347449),Nikolaj Ehlers,40347449,W/UTIL,5500,NJD@CAR 10/09/2025 07:30PM ET,CAR,11.42
D,Mike Matheson (40347961),Mike Matheson,40347961,D/UTIL,5500,MTL@DET 10/09/2025 07:00PM ET,MTL,8.72
RW,Jonathan Marchessault (40347451),Jonathan Marchessault,40347451,W/UTIL,5500,CBJ@NSH 10/09/2025 08:00PM ET,NSH,9.62
LW,Frank Vatrano (40347447),Frank Vatrano,40347447,W/UTIL,5500,ANA@SEA 10/09/2025 10:00PM ET,ANA,9.84
C,Joel Eriksson Ek (40347109),Joel Eriksson Ek,40347109,C/UTIL,5500,MIN@STL 10/09/2025 08:00PM ET,MIN,10.68
D,Miro Heiskanen (40347963),Miro Heiskanen,40347963,D/UTIL,5500,DAL@WPG 10/09/2025 08:00PM ET,DAL,8.93
LW,Andrei Svechnikov (40347455),Andrei Svechnikov,40347455,W/UTIL,5400,NJD@CAR 10/09/2025 07:30PM ET,CAR,9.38
LW,Kent Johnson (40347453),Kent Johnson,40347453,W/UTIL,5400,CBJ@NSH 10/09/2025 08:00PM ET,CBJ,9.09
LW,Anders Lee (40347457),Anders Lee,40347457,W/UTIL,5400,NYI@PIT 10/09/2025 07:00PM ET,NYI,10.18
C,William Karlsson (40347111),William Karlsson,40347111,C/UTIL,5400,VGK@SJS 10/09/2025 10:00PM ET,VGK,7.85
D,Noah Hanifin (40347967),Noah Hanifin,40347967,D/UTIL,5400,VGK@SJS 10/09/2025 10:00PM ET,VGK,8.17
D,Colton Parayko (40347965),Colton Parayko,40347965,D/UTIL,5400,MIN@STL 10/09/2025 08:00PM ET,STL,11.39
C,Roope Hintz (40347113),Roope Hintz,40347113,C/UTIL,5400,DAL@WPG 10/09/2025 08:00PM ET,DAL,10.13
C,Elias Lindholm (40347115),Elias Lindholm,40347115,C/UTIL,5300,CHI@BOS 10/09/2025 07:00PM ET,BOS,8.17
C,Logan Cooley (40347117),Logan Cooley,40347117,C/UTIL,5300,UTA@COL 10/09/2025 09:00PM ET,UTA,9.5
D,Kris Letang (40347969),Kris Letang,40347969,D/UTIL,5300,NYI@PIT 10/09/2025 07:00PM ET,PIT,8.21
RW,Troy Terry (40347459),Troy Terry,40347459,W/UTIL,5300,ANA@SEA 10/09/2025 10:00PM ET,ANA,9.13
LW,Cutter Gauthier (40347461),Cutter Gauthier,40347461,W/UTIL,5300,ANA@SEA 10/09/2025 10:00PM ET,ANA,8.2
LW,William Eklund (40347463),William Eklund,40347463,W/UTIL,5300,VGK@SJS 10/09/2025 10:00PM ET,SJS,8.59
D,Thomas Harley (40347971),Thomas Harley,40347971,D/UTIL,5300,DAL@WPG 10/09/2025 08:00PM ET,DAL,10.14
C,Evgeni Malkin (40347121),Evgeni Malkin,40347121,C/UTIL,5200,NYI@PIT 10/09/2025 07:00PM ET,PIT,8.62
C,Mason McTavish (40347119),Mason McTavish,40347119,C/UTIL,5200,ANA@SEA 10/09/2025 10:00PM ET,ANA,8.87
LW,Chris Kreider (40347467),Chris Kreider,40347467,W/UTIL,5200,ANA@SEA 10/09/2025 10:00PM ET,ANA,7.66
D,Alex Pietrangelo (40347973),Alex Pietrangelo,40347973,D/UTIL,5200,VGK@SJS 10/09/2025 10:00PM ET,VGK,9.08
D,Thomas Chabot (40347975),Thomas Chabot,40347975,D/UTIL,5200,OTT@TBL 10/09/2025 07:00PM ET,OTT,9.84
LW,Evander Kane (40347465),Evander Kane,40347465,W/UTIL,5200,CGY@VAN 10/09/2025 10:00PM ET,VAN,7.93
RW,Tyler Seguin (40347469),Tyler Seguin,40347469,W/UTIL,5200,DAL@WPG 10/09/2025 08:00PM ET,DAL,8.72
C,Brock Nelson (40347123),Brock Nelson,40347123,C/UTIL,5100,UTA@COL 10/09/2025 09:00PM ET,COL,9.42
D,Lane Hutson (40347977),Lane Hutson,40347977,D/UTIL,5100,MTL@DET 10/09/2025 07:00PM ET,MTL,8.45
C,Trevor Zegras (40347125),Trevor Zegras,40347125,C/UTIL,5100,PHI@FLA 10/09/2025 07:00PM ET,PHI,6.87
RW,Kyle Palmieri (40347473),Kyle Palmieri,40347473,W/UTIL,5100,NYI@PIT 10/09/2025 07:00PM ET,NYI,8.1
D,Tony DeAngelo (40347979),Tony DeAngelo,40347979,D/UTIL,5100,NYI@PIT 10/09/2025 07:00PM ET,NYI,8.62
RW,Will Smith (40347475),Will Smith,40347475,W/UTIL,5100,VGK@SJS 10/09/2025 10:00PM ET,SJS,6.93
RW,Brock Boeser (40347471),Brock Boeser,40347471,W/UTIL,5100,CGY@VAN 10/09/2025 10:00PM ET,VAN,8.23
D,Charlie McAvoy (40347981),Charlie McAvoy,40347981,D/UTIL,5000,CHI@BOS 10/09/2025 07:00PM ET,BOS,8.78
LW,Gabriel Landeskog (40347477),Gabriel Landeskog,40347477,W/UTIL,5000,UTA@COL 10/09/2025 09:00PM ET,COL,8.48
C,Sean Couturier (40347127),Sean Couturier,40347127,C/UTIL,5000,PHI@FLA 10/09/2025 07:00PM ET,PHI,7.58
D,Nick Seeler (40347985),Nick Seeler,40347985,D/UTIL,5000,PHI@FLA 10/09/2025 07:00PM ET,PHI,7.83
RW,Ryan O'Reilly (40347483),Ryan O'Reilly,40347483,W/UTIL,5000,CBJ@NSH 10/09/2025 08:00PM ET,NSH,9.04
D,Jackson LaCombe (40347983),Jackson LaCombe,40347983,D/UTIL,5000,ANA@SEA 10/09/2025 10:00PM ET,ANA,9.46
LW,Jake DeBrusk (40347479),Jake DeBrusk,40347479,W/UTIL,5000,CGY@VAN 10/09/2025 10:00PM ET,VAN,8.45
C,Matt Duchene (40347129),Matt Duchene,40347129,C/UTIL,5000,DAL@WPG 10/09/2025 08:00PM ET,DAL,8.9
RW,Nikita Chibrikov (40347481),Nikita Chibrikov,40347481,W/UTIL,5000,DAL@WPG 10/09/2025 08:00PM ET,WPG,9.05
C,Logan Stankoven (40347131),Logan Stankoven,40347131,C/UTIL,4900,NJD@CAR 10/09/2025 07:30PM ET,CAR,7.67
D,Aaron Ekblad (40347989),Aaron Ekblad,40347989,D/UTIL,4900,PHI@FLA 10/09/2025 07:00PM ET,FLA,8.62
C,Matty Beniers (40347133),Matty Beniers,40347133,C/UTIL,4900,ANA@SEA 10/09/2025 10:00PM ET,SEA,7.6
LW,Mason Marchment (40347487),Mason Marchment,40347487,W/UTIL,4900,ANA@SEA 10/09/2025 10:00PM ET,SEA,8.2
LW,Jaden Schwartz (40347489),Jaden Schwartz,40347489,W/UTIL,4900,ANA@SEA 10/09/2025 10:00PM ET,SEA,9.08
LW,Ivan Barbashev (40347485),Ivan Barbashev,40347485,W/UTIL,4900,VGK@SJS 10/09/2025 10:00PM ET,VGK,7.47
D,Neal Pionk (40347987),Neal Pionk,40347987,D/UTIL,4900,DAL@WPG 10/09/2025 08:00PM ET,WPG,8.57
LW,Pavel Zacha (40347493),Pavel Zacha,40347493,W/UTIL,4800,CHI@BOS 10/09/2025 07:00PM ET,BOS,6.55
C,Nick Schmaltz (40347137),Nick Schmaltz,40347137,C/UTIL,4800,UTA@COL 10/09/2025 09:00PM ET,UTA,9.38
RW,Patrik Laine (40347495),Patrik Laine,40347495,W/UTIL,4800,MTL@DET 10/09/2025 07:00PM ET,MTL,9.09
LW,Dmitri Voronkov (40347491),Dmitri Voronkov,40347491,W/UTIL,4800,CBJ@NSH 10/09/2025 08:00PM ET,CBJ,8.69
C,Leo Carlsson (40347135),Leo Carlsson,40347135,C/UTIL,4800,ANA@SEA 10/09/2025 10:00PM ET,ANA,6.87
D,Rasmus Andersson (40347991),Rasmus Andersson,40347991,D/UTIL,4800,CGY@VAN 10/09/2025 10:00PM ET,CGY,10.22
RW,Viktor Arvidsson (40347497),Viktor Arvidsson,40347497,W/UTIL,4700,CHI@BOS 10/09/2025 07:00PM ET,BOS,6.92
D,Devon Toews (40347993),Devon Toews,40347993,D/UTIL,4700,UTA@COL 10/09/2025 09:00PM ET,COL,8.54
D,Sean Durzi (40347997),Sean Durzi,40347997,D/UTIL,4700,UTA@COL 10/09/2025 09:00PM ET,UTA,7.5
C,Marco Kasper (40347141),Marco Kasper,40347141,C/UTIL,4700,MTL@DET 10/09/2025 07:00PM ET,DET,7.21
D,Jamie Drysdale (40347995),Jamie Drysdale,40347995,D/UTIL,4700,PHI@FLA 10/09/2025 07:00PM ET,PHI,5.45
RW,Mikael Granlund (40347499),Mikael Granlund,40347499,W/UTIL,4700,ANA@SEA 10/09/2025 10:00PM ET,ANA,9.18
RW,Danila Yurov (40347501),Danila Yurov,40347501,W/UTIL,4700,MIN@STL 10/09/2025 08:00PM ET,MIN,0
C,Anthony Cirelli (40347139),Anthony Cirelli,40347139,C/UTIL,4700,OTT@TBL 10/09/2025 07:00PM ET,TBL,9.44
RW,Juraj Slafkovsky (40347505),Juraj Slafkovsky,40347505,W/UTIL,4600,MTL@DET 10/09/2025 07:00PM ET,MTL,7.96
C,Shane Wright (40347145),Shane Wright,40347145,C/UTIL,4600,ANA@SEA 10/09/2025 10:00PM ET,SEA,6.56
D,Olen Zellweger (40348001),Olen Zellweger,40348001,D/UTIL,4600,ANA@SEA 10/09/2025 10:00PM ET,ANA,7.24
C,Brayden Schenn (40347143),Brayden Schenn,40347143,C/UTIL,4600,MIN@STL 10/09/2025 08:00PM ET,STL,7.59
LW,Jake Neighbours (40347503),Jake Neighbours,40347503,W/UTIL,4600,MIN@STL 10/09/2025 08:00PM ET,STL,6.98
D,Cam Fowler (40347999),Cam Fowler,40347999,D/UTIL,4600,MIN@STL 10/09/2025 08:00PM ET,STL,8.19
D,Brock Faber (40348003),Brock Faber,40348003,D/UTIL,4600,MIN@STL 10/09/2025 08:00PM ET,MIN,7.1
RW,Matt Coronato (40347507),Matt Coronato,40347507,W/UTIL,4600,CGY@VAN 10/09/2025 10:00PM ET,CGY,8.55
C,Frank Nazar (40347147),Frank Nazar,40347147,C/UTIL,4500,CHI@BOS 10/09/2025 07:00PM ET,CHI,7.07
D,Sam Rinzel (40348005),Sam Rinzel,40348005,D/UTIL,4500,CHI@BOS 10/09/2025 07:00PM ET,CHI,7.31
RW,Ivan Demidov (40347509),Ivan Demidov,40347509,W/UTIL,4500,MTL@DET 10/09/2025 07:00PM ET,MTL,5.23
LW,Tyson Foerster (40347511),Tyson Foerster,40347511,W/UTIL,4500,PHI@FLA 10/09/2025 07:00PM ET,PHI,7.62
D,Ryan Pulock (40348009),Ryan Pulock,40348009,D/UTIL,4500,NYI@PIT 10/09/2025 07:00PM ET,NYI,7.79
D,Jacob Trouba (40348007),Jacob Trouba,40348007,D/UTIL,4500,ANA@SEA 10/09/2025 10:00PM ET,ANA,8.15
RW,Mats Zuccarello (40347513),Mats Zuccarello,40347513,W/UTIL,4500,MIN@STL 10/09/2025 08:00PM ET,MIN,9.16
C,Dylan Cozens (40347149),Dylan Cozens,40347149,C/UTIL,4500,OTT@TBL 10/09/2025 07:00PM ET,OTT,8.05
LW,Jason Zucker (40347519),Jason Zucker,40347519,W/UTIL,4400,NYR@BUF 10/09/2025 07:00PM ET,BUF,8.3
RW,JJ Peterka (40347517),JJ Peterka,40347517,W/UTIL,4400,UTA@COL 10/09/2025 09:00PM ET,UTA,9.63
C,Anton Lundell (40347153),Anton Lundell,40347153,C/UTIL,4400,PHI@FLA 10/09/2025 07:00PM ET,FLA,8.31
C,Charlie Coyle (40347151),Charlie Coyle,40347151,C/UTIL,4400,CBJ@NSH 10/09/2025 08:00PM ET,CBJ,5.88
D,Alexander Romanov (40348013),Alexander Romanov,40348013,D/UTIL,4400,NYI@PIT 10/09/2025 07:00PM ET,NYI,8.89
D,Justin Faulk (40348011),Justin Faulk,40348011,D/UTIL,4400,MIN@STL 10/09/2025 08:00PM ET,STL,7.15
D,Jared Spurgeon (40348015),Jared Spurgeon,40348015,D/UTIL,4400,MIN@STL 10/09/2025 08:00PM ET,MIN,8.53
RW,Drake Batherson (40347521),Drake Batherson,40347521,W/UTIL,4400,OTT@TBL 10/09/2025 07:00PM ET,OTT,9.49
RW,Conor Garland (40347515),Conor Garland,40347515,W/UTIL,4400,CGY@VAN 10/09/2025 10:00PM ET,VAN,8.28
C,Jiri Kulich (40347155),Jiri Kulich,40347155,C/UTIL,4300,NYR@BUF 10/09/2025 07:00PM ET,BUF,7.36
RW,Alexis Lafreniere (40347529),Alexis Lafreniere,40347529,W/UTIL,4300,NYR@BUF 10/09/2025 07:00PM ET,NYR,6.88
D,Luke Hughes (40348019),Luke Hughes,40348019,D/UTIL,4300,NJD@CAR 10/09/2025 07:30PM ET,NJD,7.44
D,Shayne Gostisbehere (40348021),Shayne Gostisbehere,40348021,D/UTIL,4300,NJD@CAR 10/09/2025 07:30PM ET,CAR,7.81
D,Brady Skjei (40348023),Brady Skjei,40348023,D/UTIL,4300,CBJ@NSH 10/09/2025 08:00PM ET,NSH,7.32
RW,Ville Koivunen (40347527),Ville Koivunen,40347527,W/UTIL,4300,NYI@PIT 10/09/2025 07:00PM ET,PIT,8.86
LW,Reilly Smith (40347523),Reilly Smith,40347523,W/UTIL,4300,VGK@SJS 10/09/2025 10:00PM ET,VGK,6.42
D,Logan Mailloux (40348017),Logan Mailloux,40348017,D/UTIL,4300,MIN@STL 10/09/2025 08:00PM ET,STL,7.49
C,Shane Pinto (40347157),Shane Pinto,40347157,C/UTIL,4300,OTT@TBL 10/09/2025 07:00PM ET,OTT,7.74
RW,Cole Perfetti (40347525),Cole Perfetti,40347525,W/UTIL,4300,DAL@WPG 10/09/2025 08:00PM ET,WPG,7.32
LW,Teuvo Teravainen (40347531),Teuvo Teravainen,40347531,W/UTIL,4200,CHI@BOS 10/09/2025 07:00PM ET,CHI,7.04
D,Alex Vlasic (40348025),Alex Vlasic,40348025,D/UTIL,4200,CHI@BOS 10/09/2025 07:00PM ET,CHI,7.46
LW,Will Cuylle (40347537),Will Cuylle,40347537,W/UTIL,4200,NYR@BUF 10/09/2025 07:00PM ET,NYR,7.43
D,Gustav Forsling (40348027),Gustav Forsling,40348027,D/UTIL,4200,PHI@FLA 10/09/2025 07:00PM ET,FLA,7.65
C,Jean-Gabriel Pageau (40347161),Jean-Gabriel Pageau,40347161,C/UTIL,4200,NYI@PIT 10/09/2025 07:00PM ET,NYI,6.94
LW,Anthony Mantha (40347535),Anthony Mantha,40347535,W/UTIL,4200,NYI@PIT 10/09/2025 07:00PM ET,PIT,6.57
RW,Eeli Tolvanen (40347533),Eeli Tolvanen,40347533,W/UTIL,4200,ANA@SEA 10/09/2025 10:00PM ET,SEA,7.01
D,John Klingberg (40348029),John Klingberg,40348029,D/UTIL,4200,VGK@SJS 10/09/2025 10:00PM ET,SJS,6.32
D,Timothy Liljegren (40348031),Timothy Liljegren,40348031,D/UTIL,4200,VGK@SJS 10/09/2025 10:00PM ET,SJS,6.55
C,Mikael Backlund (40347159),Mikael Backlund,40347159,C/UTIL,4200,CGY@VAN 10/09/2025 10:00PM ET,CGY,7.64
D,Connor Murphy (40348033),Connor Murphy,40348033,D/UTIL,4100,CHI@BOS 10/09/2025 07:00PM ET,CHI,7.81
C,Ryan McLeod (40347165),Ryan McLeod,40347165,C/UTIL,4100,NYR@BUF 10/09/2025 07:00PM ET,BUF,7.15
D,Alexander Nikishin (40348037),Alexander Nikishin,40348037,D/UTIL,4100,NJD@CAR 10/09/2025 07:30PM ET,CAR,3.02
LW,Yegor Chinakhov (40347539),Yegor Chinakhov,40347539,W/UTIL,4100,CBJ@NSH 10/09/2025 08:00PM ET,CBJ,7.65
RW,Luke Evangelista (40347545),Luke Evangelista,40347545,W/UTIL,4100,CBJ@NSH 10/09/2025 08:00PM ET,NSH,6.34
D,Dante Fabbro (40348035),Dante Fabbro,40348035,D/UTIL,4100,CBJ@NSH 10/09/2025 08:00PM ET,CBJ,8.18
RW,Alex Killorn (40347541),Alex Killorn,40347541,W/UTIL,4100,ANA@SEA 10/09/2025 10:00PM ET,ANA,6
D,Jake Middleton (40348039),Jake Middleton,40348039,D/UTIL,4100,MIN@STL 10/09/2025 08:00PM ET,MIN,8.57
LW,Oliver Bjorkstrand (40347543),Oliver Bjorkstrand,40347543,W/UTIL,4100,OTT@TBL 10/09/2025 07:00PM ET,TBL,7.29
C,Filip Chytil (40347163),Filip Chytil,40347163,C/UTIL,4100,CGY@VAN 10/09/2025 10:00PM ET,VAN,7.21
LW,Ryan Donato (40347547),Ryan Donato,40347547,W/UTIL,4000,CHI@BOS 10/09/2025 07:00PM ET,CHI,9.44
D,Vladislav Gavrikov (40348051),Vladislav Gavrikov,40348051,D/UTIL,4000,NYR@BUF 10/09/2025 07:00PM ET,NYR,7.17
D,Brett Pesce (40348043),Brett Pesce,40348043,D/UTIL,4000,NJD@CAR 10/09/2025 07:30PM ET,NJD,7.19
D,Jaccob Slavin (40348045),Jaccob Slavin,40348045,D/UTIL,4000,NJD@CAR 10/09/2025 07:30PM ET,CAR,7.45
C,Barrett Hayton (40347167),Barrett Hayton,40347167,C/UTIL,4000,UTA@COL 10/09/2025 09:00PM ET,UTA,7.5
RW,Maxim Tsyplakov (40347553),Maxim Tsyplakov,40347553,W/UTIL,4000,NYI@PIT 10/09/2025 07:00PM ET,NYI,5.86
D,Adam Pelech (40348047),Adam Pelech,40348047,D/UTIL,4000,NYI@PIT 10/09/2025 07:00PM ET,NYI,7.21
D,Matthew Schaefer (40348049),Matthew Schaefer,40348049,D/UTIL,4000,NYI@PIT 10/09/2025 07:00PM ET,NYI,0
C,Marco Rossi (40347169),Marco Rossi,40347169,C/UTIL,4000,MIN@STL 10/09/2025 08:00PM ET,MIN,8.21
D,Philip Broberg (40348041),Philip Broberg,40348041,D/UTIL,4000,MIN@STL 10/09/2025 08:00PM ET,STL,7.1
LW,Nils Hoglander (40347549),Nils Hoglander,40347549,W/UTIL,4000,CGY@VAN 10/09/2025 10:00PM ET,VAN,4.24
RW,Blake Coleman (40347551),Blake Coleman,40347551,W/UTIL,4000,CGY@VAN 10/09/2025 10:00PM ET,CGY,8.2
C,Casey Mittelstadt (40347171),Casey Mittelstadt,40347171,C/UTIL,3900,CHI@BOS 10/09/2025 07:00PM ET,BOS,5.85
D,Hampus Lindholm (40348055),Hampus Lindholm,40348055,D/UTIL,3900,CHI@BOS 10/09/2025 07:00PM ET,BOS,7.77
RW,Dawson Mercer (40347557),Dawson Mercer,40347557,W/UTIL,3900,NJD@CAR 10/09/2025 07:30PM ET,NJD,6.74
RW,Cole Sillinger (40347555),Cole Sillinger,40347555,W/UTIL,3900,CBJ@NSH 10/09/2025 08:00PM ET,CBJ,6.97
D,Ivan Provorov (40348053),Ivan Provorov,40348053,D/UTIL,3900,CBJ@NSH 10/09/2025 08:00PM ET,CBJ,6.85
RW,Simon Holmstrom (40347559),Simon Holmstrom,40347559,W/UTIL,3900,NYI@PIT 10/09/2025 07:00PM ET,NYI,7.25
D,Adam Larsson (40348059),Adam Larsson,40348059,D/UTIL,3900,ANA@SEA 10/09/2025 10:00PM ET,SEA,7.26
D,Brayden McNabb (40348057),Brayden McNabb,40348057,D/UTIL,3900,VGK@SJS 10/09/2025 10:00PM ET,VGK,7.05
C,Ryan Hartman (40347173),Ryan Hartman,40347173,C/UTIL,3900,MIN@STL 10/09/2025 08:00PM ET,MIN,7.48
D,Esa Lindell (40348061),Esa Lindell,40348061,D/UTIL,3900,DAL@WPG 10/09/2025 08:00PM ET,DAL,7.37
D,Mason Lohrei (40348065),Mason Lohrei,40348065,D/UTIL,3800,CHI@BOS 10/09/2025 07:00PM ET,BOS,6.6
D,Bowen Byram (40348071),Bowen Byram,40348071,D/UTIL,3800,NYR@BUF 10/09/2025 07:00PM ET,BUF,6.82
C,Brady Martin (40347177),Brady Martin,40347177,C/UTIL,3800,CBJ@NSH 10/09/2025 08:00PM ET,NSH,0
LW,Michael Bunting (40347565),Michael Bunting,40347565,W/UTIL,3800,CBJ@NSH 10/09/2025 08:00PM ET,NSH,7.11
D,Denton Mateychuk (40348063),Denton Mateychuk,40348063,D/UTIL,3800,CBJ@NSH 10/09/2025 08:00PM ET,CBJ,5.48
LW,Jonathan Drouin (40347561),Jonathan Drouin,40347561,W/UTIL,3800,NYI@PIT 10/09/2025 07:00PM ET,NYI,7.32
C,Chandler Stephenson (40347175),Chandler Stephenson,40347175,C/UTIL,3800,ANA@SEA 10/09/2025 10:00PM ET,SEA,6.37
RW,Fabian Zetterlund (40347567),Fabian Zetterlund,40347567,W/UTIL,3800,OTT@TBL 10/09/2025 07:00PM ET,OTT,7.97
D,Filip Hronek (40348067),Filip Hronek,40348067,D/UTIL,3800,CGY@VAN 10/09/2025 10:00PM ET,VAN,7.07
LW,Nino Niederreiter (40347563),Nino Niederreiter,40347563,W/UTIL,3800,DAL@WPG 10/09/2025 08:00PM ET,WPG,6.56
D,Dylan DeMelo (40348069),Dylan DeMelo,40348069,D/UTIL,3800,DAL@WPG 10/09/2025 08:00PM ET,WPG,5.17
D,Artyom Levshunov (40348073),Artyom Levshunov,40348073,D/UTIL,3700,CHI@BOS 10/09/2025 07:00PM ET,CHI,5.19
D,Kaiden Guhle (40348075),Kaiden Guhle,40348075,D/UTIL,3700,MTL@DET 10/09/2025 07:00PM ET,MTL,7.61
LW,Rutger McGroarty (40347575),Rutger McGroarty,40347575,W/UTIL,3700,NYI@PIT 10/09/2025 07:00PM ET,PIT,5.19
RW,Jordan Eberle (40347573),Jordan Eberle,40347573,W/UTIL,3700,ANA@SEA 10/09/2025 10:00PM ET,SEA,7.3
D,Shakir Mukhamadullin (40348081),Shakir Mukhamadullin,40348081,D/UTIL,3700,VGK@SJS 10/09/2025 10:00PM ET,SJS,6.14
C,Pius Suter (40347179),Pius Suter,40347179,C/UTIL,3700,MIN@STL 10/09/2025 08:00PM ET,STL,7.44
C,Morgan Frost (40347181),Morgan Frost,40347181,C/UTIL,3700,CGY@VAN 10/09/2025 10:00PM ET,CGY,6.85
RW,Kiefer Sherwood (40347569),Kiefer Sherwood,40347569,W/UTIL,3700,CGY@VAN 10/09/2025 10:00PM ET,VAN,7.06
RW,Yegor Sharangovich (40347571),Yegor Sharangovich,40347571,W/UTIL,3700,CGY@VAN 10/09/2025 10:00PM ET,CGY,6.4
D,Marcus Pettersson (40348077),Marcus Pettersson,40348077,D/UTIL,3700,CGY@VAN 10/09/2025 10:00PM ET,VAN,6.64
D,Tyler Myers (40348079),Tyler Myers,40348079,D/UTIL,3700,CGY@VAN 10/09/2025 10:00PM ET,VAN,7.01
RW,Andre Burakovsky (40347579),Andre Burakovsky,40347579,W/UTIL,3600,CHI@BOS 10/09/2025 07:00PM ET,CHI,5.53
LW,Zach Benson (40347585),Zach Benson,40347585,W/UTIL,3600,NYR@BUF 10/09/2025 07:00PM ET,BUF,5.32
LW,Ross Colton (40347577),Ross Colton,40347577,W/UTIL,3600,UTA@COL 10/09/2025 09:00PM ET,COL,7.46
D,Brent Burns (40348083),Brent Burns,40348083,D/UTIL,3600,UTA@COL 10/09/2025 09:00PM ET,COL,7.28
C,Noah Cates (40347183),Noah Cates,40347183,C/UTIL,3600,PHI@FLA 10/09/2025 07:00PM ET,PHI,6.3
C,Evan Rodrigues (40347185),Evan Rodrigues,40347185,C/UTIL,3600,PHI@FLA 10/09/2025 07:00PM ET,FLA,6.39
D,Erik Gudbranson (40348085),Erik Gudbranson,40348085,D/UTIL,3600,CBJ@NSH 10/09/2025 08:00PM ET,CBJ,4.11
LW,Brandon Saad (40347581),Brandon Saad,40347581,W/UTIL,3600,VGK@SJS 10/09/2025 10:00PM ET,VGK,5.78
D,Zeev Buium (40348089),Zeev Buium,40348089,D/UTIL,3600,MIN@STL 10/09/2025 08:00PM ET,MIN,2.32
D,Jonas Brodin (40348091),Jonas Brodin,40348091,D/UTIL,3600,MIN@STL 10/09/2025 08:00PM ET,MIN,7.96
D,Ryan McDonagh (40348087),Ryan McDonagh,40348087,D/UTIL,3600,OTT@TBL 10/09/2025 07:00PM ET,TBL,6.77
LW,Gustav Nyquist (40347583),Gustav Nyquist,40347583,W/UTIL,3600,DAL@WPG 10/09/2025 08:00PM ET,WPG,4.57
LW,Taylor Hall (40347589),Taylor Hall,40347589,W/UTIL,3500,NJD@CAR 10/09/2025 07:30PM ET,CAR,7.1
D,Alexandre Carrier (40348093),Alexandre Carrier,40348093,D/UTIL,3500,MTL@DET 10/09/2025 07:00PM ET,MTL,7.29
D,Rasmus Ristolainen (40348095),Rasmus Ristolainen,40348095,D/UTIL,3500,PHI@FLA 10/09/2025 07:00PM ET,PHI,6.67
RW,Joakim Kemell (40347595),Joakim Kemell,40347595,W/UTIL,3500,CBJ@NSH 10/09/2025 08:00PM ET,NSH,8.15
D,Nick Blankenburg (40348101),Nick Blankenburg,40348101,D/UTIL,3500,CBJ@NSH 10/09/2025 08:00PM ET,NSH,5.67
RW,Justin Brazeau (40347593),Justin Brazeau,40347593,W/UTIL,3500,NYI@PIT 10/09/2025 07:00PM ET,PIT,4.27
D,Adam Boqvist (40348097),Adam Boqvist,40348097,D/UTIL,3500,NYI@PIT 10/09/2025 07:00PM ET,NYI,4.82
RW,Jani Nyman (40347591),Jani Nyman,40347591,W/UTIL,3500,ANA@SEA 10/09/2025 10:00PM ET,SEA,6.88
RW,Jimmy Snuggerud (40347587),Jimmy Snuggerud,40347587,W/UTIL,3500,MIN@STL 10/09/2025 08:00PM ET,STL,6.61
RW,Claude Giroux (40347597),Claude Giroux,40347597,W/UTIL,3500,OTT@TBL 10/09/2025 07:00PM ET,OTT,7.11
D,Darren Raddysh (40348099),Darren Raddysh,40348099,D/UTIL,3500,OTT@TBL 10/09/2025 07:00PM ET,TBL,6.34
C,Jonathan Toews (40347187),Jonathan Toews,40347187,C/UTIL,3500,DAL@WPG 10/09/2025 08:00PM ET,WPG,0
C,Vladislav Namestnikov (40347189),Vladislav Namestnikov,40347189,C/UTIL,3500,DAL@WPG 10/09/2025 08:00PM ET,WPG,5.66
RW,Tyler Bertuzzi (40347599),Tyler Bertuzzi,40347599,W/UTIL,3400,CHI@BOS 10/09/2025 07:00PM ET,CHI,6.92
D,Braden Schneider (40348107),Braden Schneider,40348107,D/UTIL,3400,NYR@BUF 10/09/2025 07:00PM ET,NYR,6.44
D,K'Andre Miller (40348105),K'Andre Miller,40348105,D/UTIL,3400,NJD@CAR 10/09/2025 07:30PM ET,CAR,7.01
C,J.T. Compher (40347193),J.T. Compher,40347193,C/UTIL,3400,MTL@DET 10/09/2025 07:00PM ET,DET,5.9
LW,Zack Bolduc (40347601),Zack Bolduc,40347601,W/UTIL,3400,MTL@DET 10/09/2025 07:00PM ET,MTL,6.37
D,Ben Chiarot (40348109),Ben Chiarot,40348109,D/UTIL,3400,MTL@DET 10/09/2025 07:00PM ET,DET,6.09
C,Ryan Poehling (40347191),Ryan Poehling,40347191,C/UTIL,3400,ANA@SEA 10/09/2025 10:00PM ET,ANA,6.44
RW,Sam Colangelo (40347603),Sam Colangelo,40347603,W/UTIL,3400,ANA@SEA 10/09/2025 10:00PM ET,ANA,5.77
D,Radko Gudas (40348103),Radko Gudas,40348103,D/UTIL,3400,ANA@SEA 10/09/2025 10:00PM ET,ANA,6.65
LW,Brett Howden (40347605),Brett Howden,40347605,W/UTIL,3400,VGK@SJS 10/09/2025 10:00PM ET,VGK,6.86
LW,Jeff Skinner (40347607),Jeff Skinner,40347607,W/UTIL,3400,VGK@SJS 10/09/2025 10:00PM ET,SJS,6.38
LW,Michael Misa (40347609),Michael Misa,40347609,W/UTIL,3400,VGK@SJS 10/09/2025 10:00PM ET,SJS,0
D,Dmitry Orlov (40348111),Dmitry Orlov,40348111,D/UTIL,3400,VGK@SJS 10/09/2025 10:00PM ET,SJS,5.7
D,Nikita Zadorov (40348113),Nikita Zadorov,40348113,D/UTIL,3300,CHI@BOS 10/09/2025 07:00PM ET,BOS,5.8
LW,Jack Quinn (40347619),Jack Quinn,40347619,W/UTIL,3300,NYR@BUF 10/09/2025 07:00PM ET,BUF,6.44
RW,Jackson Blake (40347613),Jackson Blake,40347613,W/UTIL,3300,NJD@CAR 10/09/2025 07:30PM ET,CAR,6.12
D,Sean Walker (40348115),Sean Walker,40348115,D/UTIL,3300,NJD@CAR 10/09/2025 07:30PM ET,CAR,5.72
D,Ian Cole (40348117),Ian Cole,40348117,D/UTIL,3300,UTA@COL 10/09/2025 09:00PM ET,UTA,6.94
D,Simon Edvinsson (40348119),Simon Edvinsson,40348119,D/UTIL,3300,MTL@DET 10/09/2025 07:00PM ET,DET,7.46
RW,Bobby Brink (40347611),Bobby Brink,40347611,W/UTIL,3300,PHI@FLA 10/09/2025 07:00PM ET,PHI,5.75
LW,Mackie Samoskevich (40347615),Mackie Samoskevich,40347615,W/UTIL,3300,PHI@FLA 10/09/2025 07:00PM ET,FLA,6.24
RW,Philip Tomasino (40347617),Philip Tomasino,40347617,W/UTIL,3300,NYI@PIT 10/09/2025 07:00PM ET,PIT,5.7
C,Frederick Gaudreau (40347197),Frederick Gaudreau,40347197,C/UTIL,3300,ANA@SEA 10/09/2025 10:00PM ET,SEA,5.94
D,Mario Ferraro (40348121),Mario Ferraro,40348121,D/UTIL,3300,VGK@SJS 10/09/2025 10:00PM ET,SJS,5.52
C,Adam Lowry (40347195),Adam Lowry,40347195,C/UTIL,3300,DAL@WPG 10/09/2025 08:00PM ET,WPG,6.4
RW,Ilya Mikheyev (40347621),Ilya Mikheyev,40347621,W/UTIL,3200,CHI@BOS 10/09/2025 07:00PM ET,CHI,5.98
D,Andrew Peeke (40348125),Andrew Peeke,40348125,D/UTIL,3200,CHI@BOS 10/09/2025 07:00PM ET,BOS,5.78
D,Josh Manson (40348123),Josh Manson,40348123,D/UTIL,3200,UTA@COL 10/09/2025 09:00PM ET,COL,6.28
LW,Christian Dvorak (40347625),Christian Dvorak,40347625,W/UTIL,3200,PHI@FLA 10/09/2025 07:00PM ET,PHI,5.91
LW,Anthony Duclair (40347627),Anthony Duclair,40347627,W/UTIL,3200,NYI@PIT 10/09/2025 07:00PM ET,NYI,4.47
LW,Tommy Novak (40347629),Tommy Novak,40347629,W/UTIL,3200,NYI@PIT 10/09/2025 07:00PM ET,PIT,6.23
C,Ryan Strome (40347199),Ryan Strome,40347199,C/UTIL,3200,ANA@SEA 10/09/2025 10:00PM ET,ANA,6.37
D,Jamie Oleksiak (40348129),Jamie Oleksiak,40348129,D/UTIL,3200,ANA@SEA 10/09/2025 10:00PM ET,SEA,5.81
C,Alexander Wennberg (40347201),Alexander Wennberg,40347201,C/UTIL,3200,VGK@SJS 10/09/2025 10:00PM ET,SJS,6.03
D,Zach Whitecloud (40348127),Zach Whitecloud,40348127,D/UTIL,3200,VGK@SJS 10/09/2025 10:00PM ET,VGK,4.73
RW,Vladimir Tarasenko (40347631),Vladimir Tarasenko,40347631,W/UTIL,3200,MIN@STL 10/09/2025 08:00PM ET,MIN,5.67
D,Artem Zub (40348131),Artem Zub,40348131,D/UTIL,3200,OTT@TBL 10/09/2025 07:00PM ET,OTT,6.52
LW,Matvei Gridin (40347623),Matvei Gridin,40347623,W/UTIL,3200,CGY@VAN 10/09/2025 10:00PM ET,CGY,0
C,Jordan Staal (40347203),Jordan Staal,40347203,C/UTIL,3100,NJD@CAR 10/09/2025 07:30PM ET,CAR,5.76
LW,Evgenii Dadonov (40347633),Evgenii Dadonov,40347633,W/UTIL,3100,NJD@CAR 10/09/2025 07:30PM ET,NJD,5.98
LW,Ondrej Palat (40347635),Ondrej Palat,40347635,W/UTIL,3100,NJD@CAR 10/09/2025 07:30PM ET,NJD,5.58
LW,Stefan Noesen (40347637),Stefan Noesen,40347637,W/UTIL,3100,NJD@CAR 10/09/2025 07:30PM ET,NJD,7.42
D,Jonas Siegenthaler (40348135),Jonas Siegenthaler,40348135,D/UTIL,3100,NJD@CAR 10/09/2025 07:30PM ET,NJD,5.51
LW,Lawson Crouse (40347643),Lawson Crouse,40347643,W/UTIL,3100,UTA@COL 10/09/2025 09:00PM ET,UTA,4.81
D,John Marino (40348139),John Marino,40348139,D/UTIL,3100,UTA@COL 10/09/2025 09:00PM ET,UTA,5.65
D,Damon Severson (40348133),Damon Severson,40348133,D/UTIL,3100,CBJ@NSH 10/09/2025 08:00PM ET,CBJ,6.7
C,Yanni Gourde (40347205),Yanni Gourde,40347205,C/UTIL,3100,OTT@TBL 10/09/2025 07:00PM ET,TBL,5.82
LW,David Perron (40347645),David Perron,40347645,W/UTIL,3100,OTT@TBL 10/09/2025 07:00PM ET,OTT,5.44
LW,Connor Zary (40347639),Connor Zary,40347639,W/UTIL,3100,CGY@VAN 10/09/2025 10:00PM ET,CGY,7.22
RW,Alex Iafallo (40347641),Alex Iafallo,40347641,W/UTIL,3100,DAL@WPG 10/09/2025 08:00PM ET,WPG,5.4
D,Colin Miller (40348137),Colin Miller,40348137,D/UTIL,3100,DAL@WPG 10/09/2025 08:00PM ET,WPG,4.54
D,Owen Power (40348151),Owen Power,40348151,D/UTIL,3000,NYR@BUF 10/09/2025 07:00PM ET,BUF,7.92
LW,Jordan Martinook (40347649),Jordan Martinook,40347649,W/UTIL,3000,NJD@CAR 10/09/2025 07:30PM ET,CAR,6.13
D,Sam Malinski (40348141),Sam Malinski,40348141,D/UTIL,3000,UTA@COL 10/09/2025 09:00PM ET,COL,5.69
LW,Elmer Soderblom (40347657),Elmer Soderblom,40347657,W/UTIL,3000,MTL@DET 10/09/2025 07:00PM ET,DET,5.56
D,Erik Gustafsson (40348149),Erik Gustafsson,40348149,D/UTIL,3000,MTL@DET 10/09/2025 07:00PM ET,DET,4.3
LW,Eetu Luostarinen (40347655),Eetu Luostarinen,40347655,W/UTIL,3000,PHI@FLA 10/09/2025 07:00PM ET,FLA,5.64
C,Erik Haula (40347209),Erik Haula,40347209,C/UTIL,3000,CBJ@NSH 10/09/2025 08:00PM ET,NSH,5.25
LW,Pierre Engvall (40347651),Pierre Engvall,40347651,W/UTIL,3000,NYI@PIT 10/09/2025 07:00PM ET,NYI,4.31
D,Scott Mayfield (40348145),Scott Mayfield,40348145,D/UTIL,3000,NYI@PIT 10/09/2025 07:00PM ET,NYI,4.64
D,Drew Helleson (40348143),Drew Helleson,40348143,D/UTIL,3000,ANA@SEA 10/09/2025 10:00PM ET,ANA,5.36
C,Colton Sissons (40347207),Colton Sissons,40347207,C/UTIL,3000,VGK@SJS 10/09/2025 10:00PM ET,VGK,4.97
RW,Marcus Johansson (40347661),Marcus Johansson,40347661,W/UTIL,3000,MIN@STL 10/09/2025 08:00PM ET,MIN,6.06
RW,Nick Paul (40347653),Nick Paul,40347653,W/UTIL,3000,OTT@TBL 10/09/2025 07:00PM ET,TBL,7.23
LW,Ridly Greig (40347659),Ridly Greig,40347659,W/UTIL,3000,OTT@TBL 10/09/2025 07:00PM ET,OTT,5.98
LW,Joel Farabee (40347647),Joel Farabee,40347647,W/UTIL,3000,CGY@VAN 10/09/2025 10:00PM ET,CGY,5.76
D,Dylan Samberg (40348147),Dylan Samberg,40348147,D/UTIL,3000,DAL@WPG 10/09/2025 08:00PM ET,WPG,7.66
C,Jason Dickinson (40347211),Jason Dickinson,40347211,C/UTIL,2900,CHI@BOS 10/09/2025 07:00PM ET,CHI,4.57
LW,Nick Foligno (40347663),Nick Foligno,40347663,W/UTIL,2900,CHI@BOS 10/09/2025 07:00PM ET,CHI,5.65
C,Cody Glass (40347213),Cody Glass,40347213,C/UTIL,2900,NJD@CAR 10/09/2025 07:30PM ET,NJD,4.77
D,Simon Nemec (40348153),Simon Nemec,40348153,D/UTIL,2900,NJD@CAR 10/09/2025 07:30PM ET,NJD,4.56
C,Kevin Stenlund (40347215),Kevin Stenlund,40347215,C/UTIL,2900,UTA@COL 10/09/2025 09:00PM ET,UTA,5.36
LW,Brandon Tanev (40347675),Brandon Tanev,40347675,W/UTIL,2900,UTA@COL 10/09/2025 09:00PM ET,UTA,5.82
D,Olli Maatta (40348163),Olli Maatta,40348163,D/UTIL,2900,UTA@COL 10/09/2025 09:00PM ET,UTA,5.56
RW,Brendan Gallagher (40347667),Brendan Gallagher,40347667,W/UTIL,2900,MTL@DET 10/09/2025 07:00PM ET,MTL,6.71
LW,Nikita Grebenkin (40347669),Nikita Grebenkin,40347669,W/UTIL,2900,PHI@FLA 10/09/2025 07:00PM ET,PHI,0.61
D,Egor Zamula (40348159),Egor Zamula,40348159,D/UTIL,2900,PHI@FLA 10/09/2025 07:00PM ET,PHI,4.64
RW,Mathieu Olivier (40347665),Mathieu Olivier,40347665,W/UTIL,2900,CBJ@NSH 10/09/2025 08:00PM ET,CBJ,6.47
D,Pavel Mintyukov (40348155),Pavel Mintyukov,40348155,D/UTIL,2900,ANA@SEA 10/09/2025 10:00PM ET,ANA,5.55
D,Ryan Lindgren (40348161),Ryan Lindgren,40348161,D/UTIL,2900,ANA@SEA 10/09/2025 10:00PM ET,SEA,6.32
D,Jack Thompson (40348165),Jack Thompson,40348165,D/UTIL,2900,VGK@SJS 10/09/2025 10:00PM ET,SJS,6.89
D,Kevin Bahl (40348157),Kevin Bahl,40348157,D/UTIL,2900,CGY@VAN 10/09/2025 10:00PM ET,CGY,6
RW,Tanner Pearson (40347671),Tanner Pearson,40347671,W/UTIL,2900,DAL@WPG 10/09/2025 08:00PM ET,WPG,4.96
RW,Brad Lambert (40347673),Brad Lambert,40347673,W/UTIL,2900,DAL@WPG 10/09/2025 08:00PM ET,WPG,2.94
RW,Mavrik Bourque (40347677),Mavrik Bourque,40347677,W/UTIL,2900,DAL@WPG 10/09/2025 08:00PM ET,DAL,4.73
D,Matt Grzelcyk (40348167),Matt Grzelcyk,40348167,D/UTIL,2800,CHI@BOS 10/09/2025 07:00PM ET,CHI,6.17
LW,Conor Sheary (40347691),Conor Sheary,40347691,W/UTIL,2800,NYR@BUF 10/09/2025 07:00PM ET,NYR,1.16
RW,Josh Doan (40347697),Josh Doan,40347697,W/UTIL,2800,NYR@BUF 10/09/2025 07:00PM ET,BUF,5.35
D,Will Borgen (40348177),Will Borgen,40348177,D/UTIL,2800,NYR@BUF 10/09/2025 07:00PM ET,NYR,4.85
C,Alexander Kerfoot (40347219),Alexander Kerfoot,40347219,C/UTIL,2800,UTA@COL 10/09/2025 09:00PM ET,UTA,5.4
RW,Victor Olofsson (40347679),Victor Olofsson,40347679,W/UTIL,2800,UTA@COL 10/09/2025 09:00PM ET,COL,7.18
RW,Michael Carcone (40347689),Michael Carcone,40347689,W/UTIL,2800,UTA@COL 10/09/2025 09:00PM ET,UTA,4.7
C,Michael Rasmussen (40347223),Michael Rasmussen,40347223,C/UTIL,2800,MTL@DET 10/09/2025 07:00PM ET,DET,4.93
LW,Andrew Copp (40347693),Andrew Copp,40347693,W/UTIL,2800,MTL@DET 10/09/2025 07:00PM ET,DET,5.4
RW,Jonatan Berggren (40347695),Jonatan Berggren,40347695,W/UTIL,2800,MTL@DET 10/09/2025 07:00PM ET,DET,4.26
D,Travis Hamonic (40348179),Travis Hamonic,40348179,D/UTIL,2800,MTL@DET 10/09/2025 07:00PM ET,DET,5.17
RW,Garnet Hathaway (40347687),Garnet Hathaway,40347687,W/UTIL,2800,PHI@FLA 10/09/2025 07:00PM ET,PHI,5.39
D,Cam York (40348169),Cam York,40348169,D/UTIL,2800,PHI@FLA 10/09/2025 07:00PM ET,PHI,6.36
D,Justin Barron (40348175),Justin Barron,40348175,D/UTIL,2800,CBJ@NSH 10/09/2025 08:00PM ET,NSH,5.57
C,Casey Cizikas (40347217),Casey Cizikas,40347217,C/UTIL,2800,NYI@PIT 10/09/2025 07:00PM ET,NYI,4.47
C,Blake Lizotte (40347221),Blake Lizotte,40347221,C/UTIL,2800,NYI@PIT 10/09/2025 07:00PM ET,PIT,4.37
RW,Mathieu Joseph (40347681),Mathieu Joseph,40347681,W/UTIL,2800,MIN@STL 10/09/2025 08:00PM ET,STL,4.29
D,David Jiricek (40348183),David Jiricek,40348183,D/UTIL,2800,MIN@STL 10/09/2025 08:00PM ET,MIN,3.42
D,Erik Cernak (40348173),Erik Cernak,40348173,D/UTIL,2800,OTT@TBL 10/09/2025 07:00PM ET,TBL,5.23
D,Nick Jensen (40348181),Nick Jensen,40348181,D/UTIL,2800,OTT@TBL 10/09/2025 07:00PM ET,OTT,5.31
LW,Drew O'Connor (40347683),Drew O'Connor,40347683,W/UTIL,2800,CGY@VAN 10/09/2025 10:00PM ET,VAN,5.1
RW,Martin Pospisil (40347685),Martin Pospisil,40347685,W/UTIL,2800,CGY@VAN 10/09/2025 10:00PM ET,CGY,4.3
D,Luke Schenn (40348171),Luke Schenn,40348171,D/UTIL,2800,DAL@WPG 10/09/2025 08:00PM ET,WPG,4.35
LW,Colton Dach (40347699),Colton Dach,40347699,W/UTIL,2700,CHI@BOS 10/09/2025 07:00PM ET,CHI,4.04
D,Wyatt Kaiser (40348187),Wyatt Kaiser,40348187,D/UTIL,2700,CHI@BOS 10/09/2025 07:00PM ET,CHI,5.49
C,Tyson Kozak (40347233),Tyson Kozak,40347233,C/UTIL,2700,NYR@BUF 10/09/2025 07:00PM ET,BUF,4.19
RW,Justin Danforth (40347713),Justin Danforth,40347713,W/UTIL,2700,NYR@BUF 10/09/2025 07:00PM ET,BUF,6.02
D,Carson Soucy (40348205),Carson Soucy,40348205,D/UTIL,2700,NYR@BUF 10/09/2025 07:00PM ET,NYR,5.15
D,Mattias Samuelsson (40348207),Mattias Samuelsson,40348207,D/UTIL,2700,NYR@BUF 10/09/2025 07:00PM ET,BUF,5.14
D,Brenden Dillon (40348193),Brenden Dillon,40348193,D/UTIL,2700,NJD@CAR 10/09/2025 07:30PM ET,NJD,4.14
C,Jack Drury (40347225),Jack Drury,40347225,C/UTIL,2700,UTA@COL 10/09/2025 09:00PM ET,COL,4.6
RW,Jack McBain (40347709),Jack McBain,40347709,W/UTIL,2700,UTA@COL 10/09/2025 09:00PM ET,UTA,4.75
D,Samuel Girard (40348185),Samuel Girard,40348185,D/UTIL,2700,UTA@COL 10/09/2025 09:00PM ET,COL,6.23
C,Kirby Dach (40347227),Kirby Dach,40347227,C/UTIL,2700,MTL@DET 10/09/2025 07:00PM ET,MTL,5.65
LW,Alex Newhook (40347703),Alex Newhook,40347703,W/UTIL,2700,MTL@DET 10/09/2025 07:00PM ET,MTL,5
RW,Mason Appleton (40347711),Mason Appleton,40347711,W/UTIL,2700,MTL@DET 10/09/2025 07:00PM ET,DET,5.15
D,Niko Mikkola (40348199),Niko Mikkola,40348199,D/UTIL,2700,PHI@FLA 10/09/2025 07:00PM ET,FLA,5.68
D,Jeff Petry (40348201),Jeff Petry,40348201,D/UTIL,2700,PHI@FLA 10/09/2025 07:00PM ET,FLA,5.14
C,Fedor Svechkov (40347231),Fedor Svechkov,40347231,C/UTIL,2700,CBJ@NSH 10/09/2025 08:00PM ET,NSH,4.62
D,Nick Perbix (40348203),Nick Perbix,40348203,D/UTIL,2700,CBJ@NSH 10/09/2025 08:00PM ET,NSH,4.17
RW,Emil Heineman (40347707),Emil Heineman,40347707,W/UTIL,2700,NYI@PIT 10/09/2025 07:00PM ET,NYI,4.17
D,Cale Fleury (40348197),Cale Fleury,40348197,D/UTIL,2700,ANA@SEA 10/09/2025 10:00PM ET,SEA,5.31
LW,Philipp Kurashev (40347715),Philipp Kurashev,40347715,W/UTIL,2700,VGK@SJS 10/09/2025 10:00PM ET,SJS,3.91
D,Kaedan Korczak (40348195),Kaedan Korczak,40348195,D/UTIL,2700,VGK@SJS 10/09/2025 10:00PM ET,VGK,4.17
RW,Nick Bjugstad (40347701),Nick Bjugstad,40347701,W/UTIL,2700,MIN@STL 10/09/2025 08:00PM ET,STL,5.23
LW,Marcus Foligno (40347717),Marcus Foligno,40347717,W/UTIL,2700,MIN@STL 10/09/2025 08:00PM ET,MIN,5.4
RW,Adam Klapka (40347705),Adam Klapka,40347705,W/UTIL,2700,CGY@VAN 10/09/2025 10:00PM ET,CGY,5.47
D,Derek Forbort (40348189),Derek Forbort,40348189,D/UTIL,2700,CGY@VAN 10/09/2025 10:00PM ET,VAN,4.64
D,Victor Mancini (40348191),Victor Mancini,40348191,D/UTIL,2700,CGY@VAN 10/09/2025 10:00PM ET,VAN,5.09
C,Morgan Barron (40347229),Morgan Barron,40347229,C/UTIL,2700,DAL@WPG 10/09/2025 08:00PM ET,WPG,3.91
C,Fraser Minten (40347235),Fraser Minten,40347235,C/UTIL,2600,CHI@BOS 10/09/2025 07:00PM ET,BOS,4.31
RW,Michael Eyssimont (40347719),Michael Eyssimont,40347719,W/UTIL,2600,CHI@BOS 10/09/2025 07:00PM ET,BOS,4.76
D,Henri Jokiharju (40348209),Henri Jokiharju,40348209,D/UTIL,2600,CHI@BOS 10/09/2025 07:00PM ET,BOS,3.78
C,Peyton Krebs (40347245),Peyton Krebs,40347245,C/UTIL,2600,NYR@BUF 10/09/2025 07:00PM ET,BUF,4.25
RW,Taylor Raddysh (40347735),Taylor Raddysh,40347735,W/UTIL,2600,NYR@BUF 10/09/2025 07:00PM ET,NYR,4.15
C,Jesperi Kotkaniemi (40347239),Jesperi Kotkaniemi,40347239,C/UTIL,2600,NJD@CAR 10/09/2025 07:30PM ET,CAR,5.24
RW,Connor Brown (40347723),Connor Brown,40347723,W/UTIL,2600,NJD@CAR 10/09/2025 07:30PM ET,NJD,5.5
D,Jalen Chatfield (40348213),Jalen Chatfield,40348213,D/UTIL,2600,NJD@CAR 10/09/2025 07:30PM ET,CAR,4.85
D,Nate Schmidt (40348219),Nate Schmidt,40348219,D/UTIL,2600,UTA@COL 10/09/2025 09:00PM ET,UTA,4.47
C,Jake Evans (40347237),Jake Evans,40347237,C/UTIL,2600,MTL@DET 10/09/2025 07:00PM ET,MTL,5.33
LW,Josh Anderson (40347721),Josh Anderson,40347721,W/UTIL,2600,MTL@DET 10/09/2025 07:00PM ET,MTL,5.13
LW,Emmitt Finnie (40347737),Emmitt Finnie,40347737,W/UTIL,2600,MTL@DET 10/09/2025 07:00PM ET,DET,0
C,Luke Kunin (40347241),Luke Kunin,40347241,C/UTIL,2600,PHI@FLA 10/09/2025 07:00PM ET,FLA,5.61
C,Michael McCarron (40347243),Michael McCarron,40347243,C/UTIL,2600,CBJ@NSH 10/09/2025 08:00PM ET,NSH,4.01
D,Adam Wilsby (40348225),Adam Wilsby,40348225,D/UTIL,2600,CBJ@NSH 10/09/2025 08:00PM ET,NSH,4.61
D,Parker Wotherspoon (40348221),Parker Wotherspoon,40348221,D/UTIL,2600,NYI@PIT 10/09/2025 07:00PM ET,PIT,3.68
D,Ryan Shea (40348223),Ryan Shea,40348223,D/UTIL,2600,NYI@PIT 10/09/2025 07:00PM ET,PIT,3.76
RW,Ryan Winterton (40347727),Ryan Winterton,40347727,W/UTIL,2600,ANA@SEA 10/09/2025 10:00PM ET,SEA,2.94
RW,Kaapo Kakko (40347729),Kaapo Kakko,40347729,W/UTIL,2600,ANA@SEA 10/09/2025 10:00PM ET,SEA,6.37
C,Adam Gaudette (40347247),Adam Gaudette,40347247,C/UTIL,2600,VGK@SJS 10/09/2025 10:00PM ET,SJS,4.73
RW,Keegan Kolesar (40347725),Keegan Kolesar,40347725,W/UTIL,2600,VGK@SJS 10/09/2025 10:00PM ET,VGK,4.52
D,Nick Leddy (40348229),Nick Leddy,40348229,D/UTIL,2600,VGK@SJS 10/09/2025 10:00PM ET,SJS,2.99
D,Lucas Carlsson (40348231),Lucas Carlsson,40348231,D/UTIL,2600,VGK@SJS 10/09/2025 10:00PM ET,SJS,5.4
LW,Liam Ohgren (40347747),Liam Ohgren,40347747,W/UTIL,2600,MIN@STL 10/09/2025 08:00PM ET,MIN,4.11
RW,Gage Goncalves (40347731),Gage Goncalves,40347731,W/UTIL,2600,OTT@TBL 10/09/2025 07:00PM ET,TBL,4.31
LW,Conor Geekie (40347733),Conor Geekie,40347733,W/UTIL,2600,OTT@TBL 10/09/2025 07:00PM ET,TBL,4.34
RW,Michael Amadio (40347739),Michael Amadio,40347739,W/UTIL,2600,OTT@TBL 10/09/2025 07:00PM ET,OTT,4.79
D,J.J. Moser (40348217),J.J. Moser,40348217,D/UTIL,2600,OTT@TBL 10/09/2025 07:00PM ET,TBL,4.91
D,Jordan Spence (40348227),Jordan Spence,40348227,D/UTIL,2600,OTT@TBL 10/09/2025 07:00PM ET,OTT,5.17
D,Joel Hanley (40348211),Joel Hanley,40348211,D/UTIL,2600,CGY@VAN 10/09/2025 10:00PM ET,CGY,4.94
LW,Sam Steel (40347741),Sam Steel,40347741,W/UTIL,2600,DAL@WPG 10/09/2025 08:00PM ET,DAL,4.08
LW,Colin Blackwell (40347743),Colin Blackwell,40347743,W/UTIL,2600,DAL@WPG 10/09/2025 08:00PM ET,DAL,3.92
LW,Jamie Benn (40347745),Jamie Benn,40347745,W/UTIL,2600,DAL@WPG 10/09/2025 08:00PM ET,DAL,6.78
D,Haydn Fleury (40348215),Haydn Fleury,40348215,D/UTIL,2600,DAL@WPG 10/09/2025 08:00PM ET,WPG,4.67
D,Nils Lundkvist (40348233),Nils Lundkvist,40348233,D/UTIL,2600,DAL@WPG 10/09/2025 08:00PM ET,DAL,4.08
D,Ilya Lyubushkin (40348235),Ilya Lyubushkin,40348235,D/UTIL,2600,DAL@WPG 10/09/2025 08:00PM ET,DAL,4.64
C,Ryan Greene (40347255),Ryan Greene,40347255,C/UTIL,2500,CHI@BOS 10/09/2025 07:00PM ET,CHI,4.2
C,Lukas Reichel (40347257),Lukas Reichel,40347257,C/UTIL,2500,CHI@BOS 10/09/2025 07:00PM ET,CHI,4.2
C,Sean Kuraly (40347265),Sean Kuraly,40347265,C/UTIL,2500,CHI@BOS 10/09/2025 07:00PM ET,BOS,3.65
C,John Beecher (40347267),John Beecher,40347267,C/UTIL,2500,CHI@BOS 10/09/2025 07:00PM ET,BOS,3.14
RW,Sam Lafferty (40347757),Sam Lafferty,40347757,W/UTIL,2500,CHI@BOS 10/09/2025 07:00PM ET,CHI,2.46
LW,Landon Slaggert (40347759),Landon Slaggert,40347759,W/UTIL,2500,CHI@BOS 10/09/2025 07:00PM ET,CHI,3.18
RW,Joey Anderson (40347761),Joey Anderson,40347761,W/UTIL,2500,CHI@BOS 10/09/2025 07:00PM ET,CHI,2.63
LW,Tanner Jeannot (40347773),Tanner Jeannot,40347773,W/UTIL,2500,CHI@BOS 10/09/2025 07:00PM ET,BOS,3.35
LW,Marat Khusnutdinov (40347775),Marat Khusnutdinov,40347775,W/UTIL,2500,CHI@BOS 10/09/2025 07:00PM ET,BOS,2.74
RW,Mark Kastelic (40347777),Mark Kastelic,40347777,W/UTIL,2500,CHI@BOS 10/09/2025 07:00PM ET,BOS,4.11
LW,Jeffrey Truchon-Viel (40347779),Jeffrey Truchon-Viel,40347779,W/UTIL,2500,CHI@BOS 10/09/2025 07:00PM ET,BOS,1.42
D,Ethan Del Mastro (40348245),Ethan Del Mastro,40348245,D/UTIL,2500,CHI@BOS 10/09/2025 07:00PM ET,CHI,3.99
D,Louis Crevier (40348247),Louis Crevier,40348247,D/UTIL,2500,CHI@BOS 10/09/2025 07:00PM ET,CHI,4.82
D,Jordan Harris (40348259),Jordan Harris,40348259,D/UTIL,2500,CHI@BOS 10/09/2025 07:00PM ET,BOS,3.38
C,Noah Laba (40347323),Noah Laba,40347323,C/UTIL,2500,NYR@BUF 10/09/2025 07:00PM ET,NYR,0
C,Sam Carrick (40347325),Sam Carrick,40347325,C/UTIL,2500,NYR@BUF 10/09/2025 07:00PM ET,NYR,3.96
C,Juuso Parssinen (40347327),Juuso Parssinen,40347327,C/UTIL,2500,NYR@BUF 10/09/2025 07:00PM ET,NYR,4.02
C,Noah Ostlund (40347331),Noah Ostlund,40347331,C/UTIL,2500,NYR@BUF 10/09/2025 07:00PM ET,BUF,1.24
RW,Matt Rempe (40347875),Matt Rempe,40347875,W/UTIL,2500,NYR@BUF 10/09/2025 07:00PM ET,NYR,2.71
LW,Adam Edstrom (40347877),Adam Edstrom,40347877,W/UTIL,2500,NYR@BUF 10/09/2025 07:00PM ET,NYR,3.39
RW,Jonny Brodzinski (40347879),Jonny Brodzinski,40347879,W/UTIL,2500,NYR@BUF 10/09/2025 07:00PM ET,NYR,5.44
LW,Beck Malenstyn (40347885),Beck Malenstyn,40347885,W/UTIL,2500,NYR@BUF 10/09/2025 07:00PM ET,BUF,3.48
RW,Jordan Greenway (40347887),Jordan Greenway,40347887,W/UTIL,2500,NYR@BUF 10/09/2025 07:00PM ET,BUF,4.27
LW,Mason Geertsen (40347889),Mason Geertsen,40347889,W/UTIL,2500,NYR@BUF 10/09/2025 07:00PM ET,BUF,0
RW,Carson Meyer (40347891),Carson Meyer,40347891,W/UTIL,2500,NYR@BUF 10/09/2025 07:00PM ET,BUF,0
D,Urho Vaakanainen (40348347),Urho Vaakanainen,40348347,D/UTIL,2500,NYR@BUF 10/09/2025 07:00PM ET,NYR,4.48
D,Matthew Robertson (40348349),Matthew Robertson,40348349,D/UTIL,2500,NYR@BUF 10/09/2025 07:00PM ET,NYR,2.15
D,Brandon Scanlin (40348351),Brandon Scanlin,40348351,D/UTIL,2500,NYR@BUF 10/09/2025 07:00PM ET,NYR,0
D,Conor Timmins (40348361),Conor Timmins,40348361,D/UTIL,2500,NYR@BUF 10/09/2025 07:00PM ET,BUF,5.16
D,Ryan Johnson (40348363),Ryan Johnson,40348363,D/UTIL,2500,NYR@BUF 10/09/2025 07:00PM ET,BUF,3.23
D,Jacob Bryson (40348365),Jacob Bryson,40348365,D/UTIL,2500,NYR@BUF 10/09/2025 07:00PM ET,BUF,3.05
D,Michael Kesselring (40348367),Michael Kesselring,40348367,D/UTIL,2500,NYR@BUF 10/09/2025 07:00PM ET,BUF,6.09
C,Luke Glendening (40347279),Luke Glendening,40347279,C/UTIL,2500,NJD@CAR 10/09/2025 07:30PM ET,NJD,2.94
C,Juho Lammikko (40347281),Juho Lammikko,40347281,C/UTIL,2500,NJD@CAR 10/09/2025 07:30PM ET,NJD,0
C,Mark Jankowski (40347297),Mark Jankowski,40347297,C/UTIL,2500,NJD@CAR 10/09/2025 07:30PM ET,CAR,4.43
LW,Paul Cotter (40347787),Paul Cotter,40347787,W/UTIL,2500,NJD@CAR 10/09/2025 07:30PM ET,NJD,4.33
RW,Arseny Gritsyuk (40347789),Arseny Gritsyuk,40347789,W/UTIL,2500,NJD@CAR 10/09/2025 07:30PM ET,NJD,0
RW,Marc McLaughlin (40347791),Marc McLaughlin,40347791,W/UTIL,2500,NJD@CAR 10/09/2025 07:30PM ET,NJD,3.52
RW,William Carrier (40347811),William Carrier,40347811,W/UTIL,2500,NJD@CAR 10/09/2025 07:30PM ET,CAR,3.45
RW,Eric Robinson (40347813),Eric Robinson,40347813,W/UTIL,2500,NJD@CAR 10/09/2025 07:30PM ET,CAR,4.79
LW,Juha Jaaska (40347815),Juha Jaaska,40347815,W/UTIL,2500,NJD@CAR 10/09/2025 07:30PM ET,CAR,2.36
D,Dennis Cholowski (40348279),Dennis Cholowski,40348279,D/UTIL,2500,NJD@CAR 10/09/2025 07:30PM ET,NJD,3.9
D,Johnathan Kovacevic (40348281),Johnathan Kovacevic,40348281,D/UTIL,2500,NJD@CAR 10/09/2025 07:30PM ET,NJD,4.37
D,Seamus Casey (40348283),Seamus Casey,40348283,D/UTIL,2500,NJD@CAR 10/09/2025 07:30PM ET,NJD,5.58
D,Mike Reilly (40348309),Mike Reilly,40348309,D/UTIL,2500,NJD@CAR 10/09/2025 07:30PM ET,CAR,4.32
C,Parker Kelly (40347249),Parker Kelly,40347249,C/UTIL,2500,UTA@COL 10/09/2025 09:00PM ET,COL,4.75
C,Zakhar Bardakov (40347251),Zakhar Bardakov,40347251,C/UTIL,2500,UTA@COL 10/09/2025 09:00PM ET,COL,0
C,Logan O'Connor (40347253),Logan O'Connor,40347253,C/UTIL,2500,UTA@COL 10/09/2025 09:00PM ET,COL,4.75
C,Andrew Agozzino (40347309),Andrew Agozzino,40347309,C/UTIL,2500,UTA@COL 10/09/2025 09:00PM ET,UTA,0
LW,Joel Kiviranta (40347749),Joel Kiviranta,40347749,W/UTIL,2500,UTA@COL 10/09/2025 09:00PM ET,COL,4.38
RW,Gavin Brindley (40347751),Gavin Brindley,40347751,W/UTIL,2500,UTA@COL 10/09/2025 09:00PM ET,COL,0
LW,Nikita Prishchepov (40347753),Nikita Prishchepov,40347753,W/UTIL,2500,UTA@COL 10/09/2025 09:00PM ET,COL,0.86
LW,Jacob MacDonald (40347755),Jacob MacDonald,40347755,W/UTIL,2500,UTA@COL 10/09/2025 09:00PM ET,COL,0
RW,Kailer Yamamoto (40347847),Kailer Yamamoto,40347847,W/UTIL,2500,UTA@COL 10/09/2025 09:00PM ET,UTA,3.89
LW,Liam O'Brien (40347849),Liam O'Brien,40347849,W/UTIL,2500,UTA@COL 10/09/2025 09:00PM ET,UTA,2.9
D,Jack Ahcan (40348237),Jack Ahcan,40348237,D/UTIL,2500,UTA@COL 10/09/2025 09:00PM ET,COL,1.4
D,Ilya Solovyov (40348239),Ilya Solovyov,40348239,D/UTIL,2500,UTA@COL 10/09/2025 09:00PM ET,COL,5.48
D,Ronnie Attard (40348241),Ronnie Attard,40348241,D/UTIL,2500,UTA@COL 10/09/2025 09:00PM ET,COL,0
D,Sean Behrens (40348243),Sean Behrens,40348243,D/UTIL,2500,UTA@COL 10/09/2025 09:00PM ET,COL,0
D,Dmitri Simashev (40348321),Dmitri Simashev,40348321,D/UTIL,2500,UTA@COL 10/09/2025 09:00PM ET,UTA,0
D,Nick DeSimone (40348323),Nick DeSimone,40348323,D/UTIL,2500,UTA@COL 10/09/2025 09:00PM ET,UTA,4.54
D,Juuso Valimaki (40348325),Juuso Valimaki,40348325,D/UTIL,2500,UTA@COL 10/09/2025 09:00PM ET,UTA,3.83
D,Terrell Goldsmith (40348327),Terrell Goldsmith,40348327,D/UTIL,2500,UTA@COL 10/09/2025 09:00PM ET,UTA,0
C,Oliver Kapanen (40347269),Oliver Kapanen,40347269,C/UTIL,2500,MTL@DET 10/09/2025 07:00PM ET,MTL,2.5
C,Joe Veleno (40347271),Joe Veleno,40347271,C/UTIL,2500,MTL@DET 10/09/2025 07:00PM ET,MTL,3.98
C,Nate Danielson (40347329),Nate Danielson,40347329,C/UTIL,2500,MTL@DET 10/09/2025 07:00PM ET,DET,0
RW,Michael Brandsegg-Nygard (40347881),Michael Brandsegg-Nygard,40347881,W/UTIL,2500,MTL@DET 10/09/2025 07:00PM ET,DET,0
LW,James van Riemsdyk (40347883),James van Riemsdyk,40347883,W/UTIL,2500,MTL@DET 10/09/2025 07:00PM ET,DET,5.5
D,Arber Xhekaj (40348261),Arber Xhekaj,40348261,D/UTIL,2500,MTL@DET 10/09/2025 07:00PM ET,MTL,3.37
D,Jayden Struble (40348263),Jayden Struble,40348263,D/UTIL,2500,MTL@DET 10/09/2025 07:00PM ET,MTL,4.06
D,Gannon Laroque (40348265),Gannon Laroque,40348265,D/UTIL,2500,MTL@DET 10/09/2025 07:00PM ET,MTL,0
D,David Reinbacher (40348267),David Reinbacher,40348267,D/UTIL,2500,MTL@DET 10/09/2025 07:00PM ET,MTL,0
D,William Trudeau (40348269),William Trudeau,40348269,D/UTIL,2500,MTL@DET 10/09/2025 07:00PM ET,MTL,0
D,Axel Sandin-Pellikka (40348353),Axel Sandin-Pellikka,40348353,D/UTIL,2500,MTL@DET 10/09/2025 07:00PM ET,DET,0
D,Albert Johansson (40348355),Albert Johansson,40348355,D/UTIL,2500,MTL@DET 10/09/2025 07:00PM ET,DET,4.2
D,Jacob Bernard-Docker (40348357),Jacob Bernard-Docker,40348357,D/UTIL,2500,MTL@DET 10/09/2025 07:00PM ET,DET,4.38
D,Shai Buium (40348359),Shai Buium,40348359,D/UTIL,2500,MTL@DET 10/09/2025 07:00PM ET,DET,0
C,Rodrigo Abols (40347287),Rodrigo Abols,40347287,C/UTIL,2500,PHI@FLA 10/09/2025 07:00PM ET,PHI,3.87
C,Jett Luchanko (40347289),Jett Luchanko,40347289,C/UTIL,2500,PHI@FLA 10/09/2025 07:00PM ET,PHI,1.12
C,Noah Gregor (40347311),Noah Gregor,40347311,C/UTIL,2500,PHI@FLA 10/09/2025 07:00PM ET,FLA,3.65
C,Tomas Nosek (40347313),Tomas Nosek,40347313,C/UTIL,2500,PHI@FLA 10/09/2025 07:00PM ET,FLA,2.74
C,Aleksander Barkov (40347315),Aleksander Barkov,40347315,C/UTIL,2500,PHI@FLA 10/09/2025 07:00PM ET,FLA,11.19
LW,Nicolas Deslauriers (40347805),Nicolas Deslauriers,40347805,W/UTIL,2500,PHI@FLA 10/09/2025 07:00PM ET,PHI,2.39
RW,Jesper Boqvist (40347851),Jesper Boqvist,40347851,W/UTIL,2500,PHI@FLA 10/09/2025 07:00PM ET,FLA,4.16
LW,A.J. Greer (40347853),A.J. Greer,40347853,W/UTIL,2500,PHI@FLA 10/09/2025 07:00PM ET,FLA,3.47
RW,Jonah Gadjovich (40347855),Jonah Gadjovich,40347855,W/UTIL,2500,PHI@FLA 10/09/2025 07:00PM ET,FLA,3.1
RW,Cole Schwindt (40347857),Cole Schwindt,40347857,W/UTIL,2500,PHI@FLA 10/09/2025 07:00PM ET,FLA,2.64
RW,Matthew Tkachuk (40347859),Matthew Tkachuk,40347859,W/UTIL,2500,PHI@FLA 10/09/2025 07:00PM ET,FLA,12.03
D,Adam Ginning (40348293),Adam Ginning,40348293,D/UTIL,2500,PHI@FLA 10/09/2025 07:00PM ET,PHI,1.3
D,Noah Juulsen (40348295),Noah Juulsen,40348295,D/UTIL,2500,PHI@FLA 10/09/2025 07:00PM ET,PHI,4.11
D,Dennis Gilbert (40348297),Dennis Gilbert,40348297,D/UTIL,2500,PHI@FLA 10/09/2025 07:00PM ET,PHI,3.53
D,Oliver Bonk (40348299),Oliver Bonk,40348299,D/UTIL,2500,PHI@FLA 10/09/2025 07:00PM ET,PHI,0
D,Ethan Samson (40348301),Ethan Samson,40348301,D/UTIL,2500,PHI@FLA 10/09/2025 07:00PM ET,PHI,0
D,Dmitry Kulikov (40348329),Dmitry Kulikov,40348329,D/UTIL,2500,PHI@FLA 10/09/2025 07:00PM ET,FLA,3.99
D,Uvis Balinskis (40348331),Uvis Balinskis,40348331,D/UTIL,2500,PHI@FLA 10/09/2025 07:00PM ET,FLA,4.38
C,Isac Lundestrom (40347259),Isac Lundestrom,40347259,C/UTIL,2500,CBJ@NSH 10/09/2025 08:00PM ET,CBJ,3.44
C,Tyson Jost (40347321),Tyson Jost,40347321,C/UTIL,2500,CBJ@NSH 10/09/2025 08:00PM ET,NSH,3.85
LW,Zach Aston-Reese (40347763),Zach Aston-Reese,40347763,W/UTIL,2500,CBJ@NSH 10/09/2025 08:00PM ET,CBJ,4.31
RW,Miles Wood (40347765),Miles Wood,40347765,W/UTIL,2500,CBJ@NSH 10/09/2025 08:00PM ET,CBJ,4.42
RW,Jordan Dumais (40347767),Jordan Dumais,40347767,W/UTIL,2500,CBJ@NSH 10/09/2025 08:00PM ET,CBJ,0
RW,Ozzy Wiesblatt (40347869),Ozzy Wiesblatt,40347869,W/UTIL,2500,CBJ@NSH 10/09/2025 08:00PM ET,NSH,2.98
LW,Cole Smith (40347871),Cole Smith,40347871,W/UTIL,2500,CBJ@NSH 10/09/2025 08:00PM ET,NSH,3.06
LW,Matthew Wood (40347873),Matthew Wood,40347873,W/UTIL,2500,CBJ@NSH 10/09/2025 08:00PM ET,NSH,3.27
D,Jake Christiansen (40348249),Jake Christiansen,40348249,D/UTIL,2500,CBJ@NSH 10/09/2025 08:00PM ET,CBJ,3.52
D,Luca Marrelli (40348251),Luca Marrelli,40348251,D/UTIL,2500,CBJ@NSH 10/09/2025 08:00PM ET,CBJ,0
D,Spencer Stastney (40348343),Spencer Stastney,40348343,D/UTIL,2500,CBJ@NSH 10/09/2025 08:00PM ET,NSH,3.12
D,Nicolas Hague (40348345),Nicolas Hague,40348345,D/UTIL,2500,CBJ@NSH 10/09/2025 08:00PM ET,NSH,4.8
C,Kyle MacLean (40347299),Kyle MacLean,40347299,C/UTIL,2500,NYI@PIT 10/09/2025 07:00PM ET,NYI,2.45
C,Calum Ritchie (40347301),Calum Ritchie,40347301,C/UTIL,2500,NYI@PIT 10/09/2025 07:00PM ET,NYI,4.37
C,Ben Kindel (40347317),Ben Kindel,40347317,C/UTIL,2500,NYI@PIT 10/09/2025 07:00PM ET,PIT,0
C,Kevin Hayes (40347319),Kevin Hayes,40347319,C/UTIL,2500,NYI@PIT 10/09/2025 07:00PM ET,PIT,5.25
LW,Max Shabanov (40347817),Max Shabanov,40347817,W/UTIL,2500,NYI@PIT 10/09/2025 07:00PM ET,NYI,0
RW,Marc Gatcomb (40347819),Marc Gatcomb,40347819,W/UTIL,2500,NYI@PIT 10/09/2025 07:00PM ET,NYI,4.22
LW,Daylan Kuefler (40347821),Daylan Kuefler,40347821,W/UTIL,2500,NYI@PIT 10/09/2025 07:00PM ET,NYI,0
LW,Jesse Nurmi (40347823),Jesse Nurmi,40347823,W/UTIL,2500,NYI@PIT 10/09/2025 07:00PM ET,NYI,0
LW,Connor Dewar (40347861),Connor Dewar,40347861,W/UTIL,2500,NYI@PIT 10/09/2025 07:00PM ET,PIT,4.35
RW,Noel Acciari (40347863),Noel Acciari,40347863,W/UTIL,2500,NYI@PIT 10/09/2025 07:00PM ET,PIT,4.65
RW,Filip Hallander (40347865),Filip Hallander,40347865,W/UTIL,2500,NYI@PIT 10/09/2025 07:00PM ET,PIT,0
LW,Tanner Howe (40347867),Tanner Howe,40347867,W/UTIL,2500,NYI@PIT 10/09/2025 07:00PM ET,PIT,0
D,Ethan Bear (40348311),Ethan Bear,40348311,D/UTIL,2500,NYI@PIT 10/09/2025 07:00PM ET,NYI,0
D,Harrison Brunicke (40348333),Harrison Brunicke,40348333,D/UTIL,2500,NYI@PIT 10/09/2025 07:00PM ET,PIT,0
D,Caleb Jones (40348335),Caleb Jones,40348335,D/UTIL,2500,NYI@PIT 10/09/2025 07:00PM ET,PIT,2.58
D,Connor Clifton (40348337),Connor Clifton,40348337,D/UTIL,2500,NYI@PIT 10/09/2025 07:00PM ET,PIT,5.2
D,Matt Dumba (40348339),Matt Dumba,40348339,D/UTIL,2500,NYI@PIT 10/09/2025 07:00PM ET,PIT,3.82
D,Jack St. Ivany (40348341),Jack St. Ivany,40348341,D/UTIL,2500,NYI@PIT 10/09/2025 07:00PM ET,PIT,3.24
C,Jansen Harkins (40347283),Jansen Harkins,40347283,C/UTIL,2500,ANA@SEA 10/09/2025 10:00PM ET,ANA,2.79
LW,Ross Johnston (40347793),Ross Johnston,40347793,W/UTIL,2500,ANA@SEA 10/09/2025 10:00PM ET,ANA,1.46
RW,Beckett Sennecke (40347795),Beckett Sennecke,40347795,W/UTIL,2500,ANA@SEA 10/09/2025 10:00PM ET,ANA,0
LW,Nikita Nesterenko (40347797),Nikita Nesterenko,40347797,W/UTIL,2500,ANA@SEA 10/09/2025 10:00PM ET,ANA,4.16
RW,Coulson Pitre (40347799),Coulson Pitre,40347799,W/UTIL,2500,ANA@SEA 10/09/2025 10:00PM ET,ANA,0
LW,Tye Kartye (40347829),Tye Kartye,40347829,W/UTIL,2500,ANA@SEA 10/09/2025 10:00PM ET,SEA,3.38
LW,Berkly Catton (40347831),Berkly Catton,40347831,W/UTIL,2500,ANA@SEA 10/09/2025 10:00PM ET,SEA,0
LW,Max McCormick (40347833),Max McCormick,40347833,W/UTIL,2500,ANA@SEA 10/09/2025 10:00PM ET,SEA,0
LW,Lleyton Roed (40347835),Lleyton Roed,40347835,W/UTIL,2500,ANA@SEA 10/09/2025 10:00PM ET,SEA,0
D,Josh Mahura (40348315),Josh Mahura,40348315,D/UTIL,2500,ANA@SEA 10/09/2025 10:00PM ET,SEA,3.44
D,Ryker Evans (40348317),Ryker Evans,40348317,D/UTIL,2500,ANA@SEA 10/09/2025 10:00PM ET,SEA,5.59
C,Trevor Connelly (40347291),Trevor Connelly,40347291,C/UTIL,2500,VGK@SJS 10/09/2025 10:00PM ET,VGK,0
C,Jakub Demek (40347293),Jakub Demek,40347293,C/UTIL,2500,VGK@SJS 10/09/2025 10:00PM ET,VGK,0
C,Jordan Gustafson (40347295),Jordan Gustafson,40347295,C/UTIL,2500,VGK@SJS 10/09/2025 10:00PM ET,VGK,0
C,Ty Dellandrea (40347335),Ty Dellandrea,40347335,C/UTIL,2500,VGK@SJS 10/09/2025 10:00PM ET,SJS,2.67
C,Logan Couture (40347337),Logan Couture,40347337,C/UTIL,2500,VGK@SJS 10/09/2025 10:00PM ET,SJS,0
RW,Alexander Holtz (40347807),Alexander Holtz,40347807,W/UTIL,2500,VGK@SJS 10/09/2025 10:00PM ET,VGK,3.77
LW,Cole Reinhardt (40347809),Cole Reinhardt,40347809,W/UTIL,2500,VGK@SJS 10/09/2025 10:00PM ET,VGK,2.09
RW,Collin Graf (40347899),Collin Graf,40347899,W/UTIL,2500,VGK@SJS 10/09/2025 10:00PM ET,SJS,4.76
LW,Barclay Goodrow (40347901),Barclay Goodrow,40347901,W/UTIL,2500,VGK@SJS 10/09/2025 10:00PM ET,SJS,3.36
RW,Ryan Reaves (40347903),Ryan Reaves,40347903,W/UTIL,2500,VGK@SJS 10/09/2025 10:00PM ET,SJS,1.18
RW,Egor Afanasyev (40347905),Egor Afanasyev,40347905,W/UTIL,2500,VGK@SJS 10/09/2025 10:00PM ET,SJS,0
D,Jeremy Lauzon (40348303),Jeremy Lauzon,40348303,D/UTIL,2500,VGK@SJS 10/09/2025 10:00PM ET,VGK,3.52
D,Ben Hutton (40348305),Ben Hutton,40348305,D/UTIL,2500,VGK@SJS 10/09/2025 10:00PM ET,VGK,5.2
D,Jeremy Davies (40348307),Jeremy Davies,40348307,D/UTIL,2500,VGK@SJS 10/09/2025 10:00PM ET,VGK,0
D,Vincent Desharnais (40348375),Vincent Desharnais,40348375,D/UTIL,2500,VGK@SJS 10/09/2025 10:00PM ET,SJS,3.82
D,Sam Dickinson (40348377),Sam Dickinson,40348377,D/UTIL,2500,VGK@SJS 10/09/2025 10:00PM ET,SJS,0
D,Ryan Ellis (40348379),Ryan Ellis,40348379,D/UTIL,2500,VGK@SJS 10/09/2025 10:00PM ET,SJS,0
C,Nathan Walker (40347261),Nathan Walker,40347261,C/UTIL,2500,MIN@STL 10/09/2025 08:00PM ET,STL,4.69
C,Oskar Sundqvist (40347263),Oskar Sundqvist,40347263,C/UTIL,2500,MIN@STL 10/09/2025 08:00PM ET,STL,4.23
C,Hunter Haight (40347345),Hunter Haight,40347345,C/UTIL,2500,MIN@STL 10/09/2025 08:00PM ET,MIN,0
C,Nico Sturm (40347347),Nico Sturm,40347347,C/UTIL,2500,MIN@STL 10/09/2025 08:00PM ET,MIN,3.42
LW,Alexey Toropchenko (40347769),Alexey Toropchenko,40347769,W/UTIL,2500,MIN@STL 10/09/2025 08:00PM ET,STL,4.3
RW,Alexandre Texier (40347771),Alexandre Texier,40347771,W/UTIL,2500,MIN@STL 10/09/2025 08:00PM ET,STL,5.27
LW,Yakov Trenin (40347913),Yakov Trenin,40347913,W/UTIL,2500,MIN@STL 10/09/2025 08:00PM ET,MIN,3.69
LW,Vinnie Hinostroza (40347915),Vinnie Hinostroza,40347915,W/UTIL,2500,MIN@STL 10/09/2025 08:00PM ET,MIN,4.2
RW,Cameron Butler (40347917),Cameron Butler,40347917,W/UTIL,2500,MIN@STL 10/09/2025 08:00PM ET,MIN,0
LW,Michael Milne (40347919),Michael Milne,40347919,W/UTIL,2500,MIN@STL 10/09/2025 08:00PM ET,MIN,0
D,Tyler Tucker (40348253),Tyler Tucker,40348253,D/UTIL,2500,MIN@STL 10/09/2025 08:00PM ET,STL,4.2
D,Matthew Kessel (40348255),Matthew Kessel,40348255,D/UTIL,2500,MIN@STL 10/09/2025 08:00PM ET,STL,2.53
D,Torey Krug (40348257),Torey Krug,40348257,D/UTIL,2500,MIN@STL 10/09/2025 08:00PM ET,STL,0
D,Zach Bogosian (40348389),Zach Bogosian,40348389,D/UTIL,2500,MIN@STL 10/09/2025 08:00PM ET,MIN,4.05
D,Daemon Hunt (40348391),Daemon Hunt,40348391,D/UTIL,2500,MIN@STL 10/09/2025 08:00PM ET,MIN,5.6
D,Stevie Leskovar (40348393),Stevie Leskovar,40348393,D/UTIL,2500,MIN@STL 10/09/2025 08:00PM ET,MIN,0
C,Pontus Holmberg (40347305),Pontus Holmberg,40347305,C/UTIL,2500,OTT@TBL 10/09/2025 07:00PM ET,TBL,4.2
C,Curtis Douglas (40347307),Curtis Douglas,40347307,C/UTIL,2500,OTT@TBL 10/09/2025 07:00PM ET,TBL,0
C,Lars Eller (40347333),Lars Eller,40347333,C/UTIL,2500,OTT@TBL 10/09/2025 07:00PM ET,OTT,4.11
RW,Mitchell Chaffee (40347837),Mitchell Chaffee,40347837,W/UTIL,2500,OTT@TBL 10/09/2025 07:00PM ET,TBL,3.89
RW,Jack Finley (40347839),Jack Finley,40347839,W/UTIL,2500,OTT@TBL 10/09/2025 07:00PM ET,TBL,1.5
LW,Zemgus Girgensons (40347841),Zemgus Girgensons,40347841,W/UTIL,2500,OTT@TBL 10/09/2025 07:00PM ET,TBL,2.72
RW,Niko Huuhtanen (40347843),Niko Huuhtanen,40347843,W/UTIL,2500,OTT@TBL 10/09/2025 07:00PM ET,TBL,0
RW,Scott Sabourin (40347845),Scott Sabourin,40347845,W/UTIL,2500,OTT@TBL 10/09/2025 07:00PM ET,TBL,1.3
LW,Nick Cousins (40347893),Nick Cousins,40347893,W/UTIL,2500,OTT@TBL 10/09/2025 07:00PM ET,OTT,4.4
RW,Kurtis MacDermid (40347895),Kurtis MacDermid,40347895,W/UTIL,2500,OTT@TBL 10/09/2025 07:00PM ET,OTT,1.04
RW,Olle Lycksell (40347897),Olle Lycksell,40347897,W/UTIL,2500,OTT@TBL 10/09/2025 07:00PM ET,OTT,2.45
D,Emil Lilleberg (40348319),Emil Lilleberg,40348319,D/UTIL,2500,OTT@TBL 10/09/2025 07:00PM ET,TBL,3.38
D,Donovan Sebrango (40348369),Donovan Sebrango,40348369,D/UTIL,2500,OTT@TBL 10/09/2025 07:00PM ET,OTT,0
D,Nikolas Matinpalo (40348371),Nikolas Matinpalo,40348371,D/UTIL,2500,OTT@TBL 10/09/2025 07:00PM ET,OTT,3.12
D,Tyler Kleven (40348373),Tyler Kleven,40348373,D/UTIL,2500,OTT@TBL 10/09/2025 07:00PM ET,OTT,4.35
C,Braeden Cootes (40347273),Braeden Cootes,40347273,C/UTIL,2500,CGY@VAN 10/09/2025 10:00PM ET,VAN,0
C,Aatu Raty (40347275),Aatu Raty,40347275,C/UTIL,2500,CGY@VAN 10/09/2025 10:00PM ET,VAN,4.23
C,Teddy Blueger (40347277),Teddy Blueger,40347277,C/UTIL,2500,CGY@VAN 10/09/2025 10:00PM ET,VAN,4.36
C,Justin Kirkland (40347285),Justin Kirkland,40347285,C/UTIL,2500,CGY@VAN 10/09/2025 10:00PM ET,CGY,4.37
LW,Arshdeep Bains (40347781),Arshdeep Bains,40347781,W/UTIL,2500,CGY@VAN 10/09/2025 10:00PM ET,VAN,2.28
RW,Jonathan Lekkerimaki (40347783),Jonathan Lekkerimaki,40347783,W/UTIL,2500,CGY@VAN 10/09/2025 10:00PM ET,VAN,3.95
RW,Linus Karlsson (40347785),Linus Karlsson,40347785,W/UTIL,2500,CGY@VAN 10/09/2025 10:00PM ET,VAN,4.04
LW,Ryan Lomberg (40347801),Ryan Lomberg,40347801,W/UTIL,2500,CGY@VAN 10/09/2025 10:00PM ET,CGY,2.49
LW,Samuel Honzek (40347803),Samuel Honzek,40347803,W/UTIL,2500,CGY@VAN 10/09/2025 10:00PM ET,CGY,2.32
D,Elias-Nils Pettersson (40348271),Elias-Nils Pettersson,40348271,D/UTIL,2500,CGY@VAN 10/09/2025 10:00PM ET,VAN,2.42
D,P.O. Joseph (40348273),P.O. Joseph,40348273,D/UTIL,2500,CGY@VAN 10/09/2025 10:00PM ET,VAN,2.85
D,Guillaume Brisebois (40348275),Guillaume Brisebois,40348275,D/UTIL,2500,CGY@VAN 10/09/2025 10:00PM ET,VAN,3.73
D,Jett Woo (40348277),Jett Woo,40348277,D/UTIL,2500,CGY@VAN 10/09/2025 10:00PM ET,VAN,0
D,Jake Bean (40348285),Jake Bean,40348285,D/UTIL,2500,CGY@VAN 10/09/2025 10:00PM ET,CGY,3.31
D,Brayden Pachal (40348287),Brayden Pachal,40348287,D/UTIL,2500,CGY@VAN 10/09/2025 10:00PM ET,CGY,3.81
D,Zayne Parekh (40348289),Zayne Parekh,40348289,D/UTIL,2500,CGY@VAN 10/09/2025 10:00PM ET,CGY,12.8
D,Daniil Miromanov (40348291),Daniil Miromanov,40348291,D/UTIL,2500,CGY@VAN 10/09/2025 10:00PM ET,CGY,4.92
C,Parker Ford (40347303),Parker Ford,40347303,C/UTIL,2500,DAL@WPG 10/09/2025 08:00PM ET,WPG,4.27
C,Radek Faksa (40347339),Radek Faksa,40347339,C/UTIL,2500,DAL@WPG 10/09/2025 08:00PM ET,DAL,4
C,Oskar Back (40347341),Oskar Back,40347341,C/UTIL,2500,DAL@WPG 10/09/2025 08:00PM ET,DAL,2.81
C,Chase Wheatcroft (40347343),Chase Wheatcroft,40347343,C/UTIL,2500,DAL@WPG 10/09/2025 08:00PM ET,DAL,0
LW,Cole Koepke (40347825),Cole Koepke,40347825,W/UTIL,2500,DAL@WPG 10/09/2025 08:00PM ET,WPG,4.02
LW,David Gustafsson (40347827),David Gustafsson,40347827,W/UTIL,2500,DAL@WPG 10/09/2025 08:00PM ET,WPG,3.02
RW,Nathan Bastian (40347907),Nathan Bastian,40347907,W/UTIL,2500,DAL@WPG 10/09/2025 08:00PM ET,DAL,2.86
LW,Justin Hryckowian (40347909),Justin Hryckowian,40347909,W/UTIL,2500,DAL@WPG 10/09/2025 08:00PM ET,DAL,1.9
RW,Kyle McDonald (40347911),Kyle McDonald,40347911,W/UTIL,2500,DAL@WPG 10/09/2025 08:00PM ET,DAL,0
D,Logan Stanley (40348313),Logan Stanley,40348313,D/UTIL,2500,DAL@WPG 10/09/2025 08:00PM ET,WPG,4.15
D,Lian Bichsel (40348381),Lian Bichsel,40348381,D/UTIL,2500,DAL@WPG 10/09/2025 08:00PM ET,DAL,3.36
D,Alexander Petrovic (40348383),Alexander Petrovic,40348383,D/UTIL,2500,DAL@WPG 10/09/2025 08:00PM ET,DAL,3.36
D,Luke Krys (40348385),Luke Krys,40348385,D/UTIL,2500,DAL@WPG 10/09/2025 08:00PM ET,DAL,0
D,Trey Taylor (40348387),Trey Taylor,40348387,D/UTIL,2500,DAL@WPG 10/09/2025 08:00PM ET,DAL,0
